Postcode,Plaatsnaam,Provincie
2970,'S Gravenwezel,Antwerpen
3700,'S Herenelderen,Limburg
7510,3 SUISSES,
9420,Aaigem,Oost-Vlaanderen 
8511,Aalbeke,West-Vlaanderen
3800,Aalst,Limburg
9300,AALST,Oost-Vlaanderen 
9880,AALTER,Oost-Vlaanderen 
3200,AARSCHOT,Vlaams-Brabant
8700,Aarsele,West-Vlaanderen
8211,Aartrijke,West-Vlaanderen
2630,AARTSELAAR,Antwerpen
4557,Abée,Luik
4280,Abolens,Luik
3930,Achel,Limburg
5590,Achêne,Namen
5362,Achet,Namen
4219,Acosse,Luik
6280,Acoz,Henegouwen
9991,Adegem,Oost-Vlaanderen 
8660,Adinkerke,West-Vlaanderen
1790,AFFLIGEM,Vlaams-Brabant
9051,Afsnee,Oost-Vlaanderen 
5544,Agimont,Namen
4317,Aineffe,Luik
5310,Aische-En-Refail,Namen
6250,Aiseau,Henegouwen
5070,Aisemont,Namen
3570,ALKEN,Limburg
5550,Alle,Namen
4432,Alleur,Luik
1652,Alsemberg,Vlaams-Brabant
8690,ALVERINGEM,West-Vlaanderen
4540,AMAY,Luik
6680,Amberloup,Luxemburg
4770,AMBLÈVE,Luik
6953,Ambly,Luxemburg
4219,Ambresin,Luik
6997,Amonines,Luxemburg
7750,Amougies,Henegouwen
4540,Ampsin,Luik
5300,ANDENNE,Namen
1070,ANDERLECHT,Brussel (19 gemeenten)
6150,ANDERLUES,Henegouwen
4821,Andrimont,Luik
4031,Angleur,Luik
7387,Angre,Henegouwen
7387,Angreau,Henegouwen
5537,ANHÉE,Namen
6721,Anlier,Luxemburg
6890,Anloy,Luxemburg
5537,Annevoie-Rouillon,Namen
4430,ANS,Luik
5500,Anseremme,Namen
7750,Anseroeul,Henegouwen
5520,Anthée,Namen
4520,Antheit,Luik
4160,ANTHISNES,Luik
7640,ANTOING,Henegouwen
2000,ANTWERPEN,Antwerpen
2018,ANTWERPEN,Antwerpen
2020,ANTWERPEN,Antwerpen
2030,ANTWERPEN,Antwerpen
2040,ANTWERPEN,Antwerpen
2050,ANTWERPEN,Antwerpen
2060,ANTWERPEN,Antwerpen
2099,Antwerpen X,
7910,Anvaing,Henegouwen
8570,ANZEGEM,West-Vlaanderen
9200,Appels,Oost-Vlaanderen 
9400,Appelterre-Eichem,Oost-Vlaanderen 
5170,Arbre,Namen
7811,Arbre,Henegouwen
4990,Arbrefontaine,Luik
7910,Arc-Ainières,Henegouwen
7910,Arc-Wattripont,Henegouwen
1390,Archennes,Waals-Brabant
8850,ARDOOIE,West-Vlaanderen
2370,ARENDONK,Antwerpen
4601,Argenteau,Luik
6700,ARLON,Luxemburg
7181,Arquennes,Henegouwen
5060,Arsimont,Namen
6870,Arville,Luxemburg
3665,AS,Limburg
9404,Aspelare,Oost-Vlaanderen 
9890,Asper,Oost-Vlaanderen 
7040,Asquillies,Henegouwen
1730,ASSE,Vlaams-Brabant
8310,Assebroek,West-Vlaanderen
1007,Assemblée de la Commission Communautaire Française,
9960,ASSENEDE,Oost-Vlaanderen 
6860,Assenois,Luxemburg
3460,Assent,Vlaams-Brabant
5330,ASSESSE,Namen
9800,Astene,Oost-Vlaanderen 
7800,ATH,Henegouwen
7387,Athis,Henegouwen
6791,Athus,Luxemburg
3404,Attenhoven,Vlaams-Brabant
3384,Attenrode,Vlaams-Brabant
6717,ATTERT,Luxemburg
7941,Attre,Henegouwen
6790,AUBANGE,Luxemburg
7972,Aubechies,Henegouwen
4880,AUBEL,Luik
5660,Aublain,Namen
6880,Auby-Sur-Semois,Luxemburg
7382,Audregnies,Henegouwen
7040,Aulnois,Henegouwen
6706,Autelbas,Luxemburg
1367,Autre-Eglise,Waals-Brabant
7387,Autreppe,Henegouwen
5060,Auvelais,Namen
5580,Ave-Et-Auffe,Namen
8630,Avekapelle,West-Vlaanderen
8580,AVELGEM,West-Vlaanderen
4260,Avennes,Luik
3271,Averbode,Vlaams-Brabant
4280,Avernas-Le-Bauduin,Luik
4280,Avin,Luik
4340,AWANS,Luik
6870,Awenne,Luxemburg
4400,Awirs,Luik
6900,Aye,Luxemburg
4630,Ayeneux,Luik
4920,AYWAILLE,Luik
9890,Baaigem,Oost-Vlaanderen 
3128,Baal,Vlaams-Brabant
9310,Baardegem,Oost-Vlaanderen 
2387,BAARLE-HERTOG,Antwerpen
9200,Baasrode,Oost-Vlaanderen 
9800,Bachte-Maria-Leerne,Oost-Vlaanderen 
4837,BAELEN,Luik
5550,Bagimont,Namen
6464,Baileux,Henegouwen
6460,Bailièvre,Henegouwen
5555,Baillamont,Namen
7730,Bailleul,Henegouwen
5377,Baillonville,Namen
7380,Baisieux,Henegouwen
1470,Baisy-Thy,Waals-Brabant
5190,Balâtre,Namen
9860,Balegem,Oost-Vlaanderen 
2490,BALEN,Antwerpen
9420,Bambrugge,Oost-Vlaanderen 
6951,Bande,Luxemburg
6500,Barbençon,Henegouwen
4671,Barchon,Luik
5570,Baronville,Namen
7534,Barry,Henegouwen
5370,Barvaux-Condroz,Namen
6940,Barvaux-Sur-Ourthe,Luxemburg
4520,Bas-Oha,Luik
7971,Basècles,Henegouwen
4983,Basse-Bodeux,Luik
4690,BASSENGE,Luik
9968,Bassevelde,Oost-Vlaanderen 
7830,Bassilly,Henegouwen
6600,BASTOGNE,Luxemburg
3870,Batsheers,Limburg
4651,Battice,Luik
7130,Battignies,Henegouwen
7331,Baudour,Henegouwen
7870,Bauffe,Henegouwen
7604,Baugnies,Henegouwen
1401,Baulers,Waals-Brabant
9520,Bavegem,Oost-Vlaanderen 
8531,Bavikhove,West-Vlaanderen
9150,Bazel,Oost-Vlaanderen 
4052,Beaufays,Luik
6500,BEAUMONT,Henegouwen
5570,BEAURAING,Namen
6980,Beausaint,Luxemburg
1320,BEAUVECHAIN,Waals-Brabant
6594,Beauwelz,Henegouwen
7532,Beclers,Henegouwen
3960,Beek,Limburg
9630,Beerlegem,Oost-Vlaanderen 
8730,BEERNEM,West-Vlaanderen
2340,BEERSE,Antwerpen
1650,BEERSEL,Vlaams-Brabant
8600,Beerst,West-Vlaanderen
1673,Beert,Vlaams-Brabant
9080,Beervelde,Oost-Vlaanderen 
2580,Beerzel,Antwerpen
5000,Beez,Namen
6987,Beffe,Luxemburg
3130,BEGIJNENDIJK,Vlaams-Brabant
6672,Beho,Luxemburg
1852,Beigem,Vlaams-Brabant
8480,Bekegem,West-Vlaanderen
1730,Bekkerzeel,Vlaams-Brabant
3460,BEKKEVOORT,Vlaams-Brabant
1009,Belgische Senaat,
5001,Belgrade,Namen
4610,Bellaire,Luik
7170,Bellecourt,Henegouwen
5555,Bellefontaine,Namen
6730,Bellefontaine,Luxemburg
8510,Bellegem,West-Vlaanderen
9881,Bellem,Oost-Vlaanderen 
6834,Bellevaux,Luxemburg
4960,Bellevaux-Ligneuville,Luik
1674,Bellingen,Vlaams-Brabant
7970,BELOEIL,Henegouwen
9111,Belsele,Oost-Vlaanderen 
4500,Ben-Ahin,Luik
6941,Bende,Luxemburg
3540,Berbroek,Limburg
2600,Berchem,Antwerpen
9690,Berchem,Oost-Vlaanderen 
2040,Berendrecht,Antwerpen
1910,Berg,Vlaams-Brabant
3700,Berg,Limburg
4360,Bergilers,Luik
3580,BERINGEN,Limburg
2590,BERLAAR,Antwerpen
9290,BERLARE,Oost-Vlaanderen 
3830,Berlingen,Limburg
4257,BERLOZ,Luik
4607,Berneau,Luik
7320,BERNISSART,Henegouwen
6560,Bersillies-L'Abbaye,Henegouwen
3060,BERTEM,Vlaams-Brabant
6687,BERTOGNE,Luxemburg
4280,Bertrée,Luik
6880,BERTRIX,Luxemburg
5651,Berzée,Namen
8980,Beselare,West-Vlaanderen
3130,Betekom,Vlaams-Brabant
4300,Bettincourt,Luik
5030,Beuzet,Namen
2560,Bevel,Antwerpen
1547,BEVER,Vlaams-Brabant
4960,Bevercé,Luik
9700,Bevere,Oost-Vlaanderen 
8791,Beveren,West-Vlaanderen
8800,Beveren,West-Vlaanderen
8691,Beveren-Aan-De-Ijzer,West-Vlaanderen
9120,BEVEREN-WAAS,Oost-Vlaanderen 
3581,Beverlo,Limburg
3740,Beverst,Limburg
4610,BEYNE-HEUSAY,Luik
6543,Bienne-Lez-Happart,Henegouwen
3360,BIERBEEK,Vlaams-Brabant
6533,Biercée,Henegouwen
1301,Bierges,Waals-Brabant
1430,Bierghes,Waals-Brabant
4460,Bierset,Luik
5380,Bierwart,Namen
5640,Biesme,Namen
6531,Biesme-Sous-Thuin,Henegouwen
5640,Biesmerée,Namen
5555,BIÈVRE,Namen
1390,Biez,Waals-Brabant
6690,Bihain,Luxemburg
8920,Bikschote,West-Vlaanderen
4831,Bilstain,Luik
3740,BILZEN,Limburg
7130,BINCHE,Henegouwen
3850,Binderveld,Limburg
3211,Binkom,Vlaams-Brabant
5537,Bioul,Namen
8501,Bissegem,West-Vlaanderen
7783,Bizet,Henegouwen
2830,Blaasveld,Antwerpen
5542,Blaimont,Namen
7522,Blandain,Henegouwen
3052,Blanden,Vlaams-Brabant
8370,BLANKENBERGE,West-Vlaanderen
7040,Blaregnies,Henegouwen
7321,Blaton,Henegouwen
7370,Blaugies,Henegouwen
4670,BLÉGNY,Luik
7620,Bléharies,Henegouwen
4280,Blehen,Luik
6760,Bleid,Luxemburg
4300,Bleret,Luik
7903,Blicquy,Henegouwen
3950,BOCHOLT,Limburg
4537,Bodegnée,Luik
2530,BOECHOUT,Antwerpen
3890,Boekhout,Limburg
9961,Boekhoute,Oost-Vlaanderen 
4250,Boëlhe,Luik
8904,Boezinge,West-Vlaanderen
1670,Bogaarden,Vlaams-Brabant
5550,Bohan,Namen
5140,Boignée,Namen
4690,Boirs,Luik
7170,Bois-D'Haine,Henegouwen
7866,Bois-De-Lessines,Henegouwen
5170,Bois-De-Villers,Namen
4560,Bois-Et-Borsu,Luik
5310,Bolinne,Namen
4653,Bolland,Luik
1367,Bomal,Waals-Brabant
6941,Bomal-Sur-Ourthe,Luxemburg
4607,Bombaye,Luik
3840,Bommershoven,Limburg
7603,Bon-Secours,Henegouwen
4100,Boncelles,Luik
5310,Boneffe,Namen
2820,BONHEIDEN,Antwerpen
5021,Boninne,Namen
1325,Bonlez,Waals-Brabant
6700,Bonnert,Luxemburg
5300,Bonneville,Namen
5377,Bonsin,Namen
2221,Booischot,Antwerpen
8630,Booitshoeke,West-Vlaanderen
2850,BOOM,Antwerpen
3631,Boorsem,Limburg
3190,BOORTMEERBEEK,Vlaams-Brabant
1761,Borchtlombeek,Vlaams-Brabant
2140,Borgerhout,Antwerpen
3840,BORGLOON,Limburg
4317,Borlez,Luik
3891,Borlo,Limburg
6941,Borlon,Luxemburg
2880,BORNEM,Antwerpen
1404,Bornival,Waals-Brabant
2150,BORSBEEK,Antwerpen
9552,Borsbeke,Oost-Vlaanderen 
5032,Bossière,Namen
8583,Bossuit,West-Vlaanderen
1390,Bossut-Gottechain,Waals-Brabant
3300,Bost,Vlaams-Brabant
5032,Bothey,Namen
9820,Bottelare,Oost-Vlaanderen 
6200,Bouffioulx,Henegouwen
5004,Bouge,Namen
7040,Bougnies,Henegouwen
6830,BOUILLON,Luxemburg
6464,Bourlers,Henegouwen
5575,Bourseigne-Neuve,Namen
5575,Bourseigne-Vieille,Namen
7110,Boussoit,Henegouwen
7300,BOUSSU,Henegouwen
5660,Boussu-En-Fagne,Namen
6440,Boussu-Lez-Walcourt,Henegouwen
1470,Bousval,Waals-Brabant
3370,BOUTERSEM,Vlaams-Brabant
5500,Bouvignes-Sur-Meuse,Namen
7803,Bouvignies,Henegouwen
2288,Bouwel,Antwerpen
8680,Bovekerke,West-Vlaanderen
3870,Bovelingen,Limburg
4300,Bovenistier,Luik
5081,Bovesse,Namen
6671,Bovigny,Luxemburg
4990,Bra,Luik
7604,Braffe,Henegouwen
5590,Braibant,Namen
1420,BRAINE-L'ALLEUD,Waals-Brabant
1440,BRAINE-LE-CHÂTEAU,Waals-Brabant
7090,BRAINE-LE-COMTE,Henegouwen
4260,BRAIVES,Luik
9660,BRAKEL,Oost-Vlaanderen 
5310,Branchon,Namen
6800,Bras,Luxemburg
7604,Brasmenil,Henegouwen
2930,BRASSCHAAT,Antwerpen
7130,Bray,Henegouwen
2960,BRECHT,Antwerpen
8450,BREDENE,West-Vlaanderen
3960,BREE,Limburg
2870,Breendonk,Antwerpen
4020,Bressoux,Luik
8900,Brielen,West-Vlaanderen
2520,Broechem,Antwerpen
3840,Broekom,Limburg
1931,Brucargo,
7940,BRUGELETTE,Henegouwen
8000,BRUGGE,West-Vlaanderen
5660,Brûly,Namen
5660,Brûly-De-Pesche,Namen
1785,Brussegem,Vlaams-Brabant
1000,BRUSSEL,Brussel (19 gemeenten)
1099,Brussel X,
3800,Brustem,Limburg
7641,Bruyelle,Henegouwen
6222,Brye,Henegouwen
3440,Budingen,Vlaams-Brabant
9255,BUGGENHOUT,Oost-Vlaanderen 
7911,Buissenal,Henegouwen
5580,Buissonville,Namen
1501,Buizingen,Vlaams-Brabant
1910,Buken,Vlaams-Brabant
4760,BULLANGE,Luik
8630,Bulskamp,West-Vlaanderen
3380,Bunsbeek,Vlaams-Brabant
2070,Burcht,Antwerpen
4210,BURDINNE,Luik
6927,Bure,Luxemburg
9420,Burst,Oost-Vlaanderen 
7602,Bury,Henegouwen
4750,BUTGENBACH,Luik
3891,Buvingen,Limburg
7133,Buvrinnes,Henegouwen
6743,Buzenol,Luxemburg
6230,Buzet,Henegouwen
7604,Callenelle,Henegouwen
7642,Calonne,Henegouwen
7940,Cambron-Casteau,Henegouwen
7870,Cambron-Saint-Vincent,Henegouwen
1804,Cargovil,
6850,Carlsbourg,Luxemburg
7141,Carnières,Henegouwen
7061,Casteau,Henegouwen
5650,Castillon,Namen
4317,Celles,Luik
5561,Celles,Namen
7760,CELLES,Henegouwen
4632,Cérexhe-Heuseux,Luik
5630,CERFONTAINE,Namen
1341,Céroux-Mousty,Waals-Brabant
4650,Chaineux,Luik
5550,Chairière,Namen
5020,Champion,Namen
6971,Champlon,Luxemburg
6921,Chanly,Luxemburg
6742,Chantemelle,Luxemburg
7903,Chapelle-À-Oie,Henegouwen
7903,Chapelle-À-Wattines,Henegouwen
7160,CHAPELLE-LEZ-HERLAIMONT,Henegouwen
4537,Chapon-Seraing,Luik
6000,CHARLEROI,Henegouwen
6099,Charleroi X,
4654,Charneux,Luik
6824,Chassepierre,Luxemburg
1450,Chastre-Villeroux-Blanmont,Waals-Brabant
5650,Chastrès,Namen
6200,CHÂTELET,Henegouwen
6200,Châtelineau,Henegouwen
6747,Châtillon,Luxemburg
4050,CHAUDFONTAINE,Luik
1325,CHAUMONT-GISTOUX,Waals-Brabant
7063,Chaussée-Notre-Dame-Louvignies,Henegouwen
4032,Chênee,Luik
6673,Cherain,Luxemburg
4602,Cheratte,Luik
7521,Chercq,Henegouwen
5590,Chevetogne,Namen
4987,Chevron,Luik
7950,CHIÈVRES,Henegouwen
6460,CHIMAY,Henegouwen
6810,CHINY,Luxemburg
4400,Chokier,Luik
1031,Christelijke Sociale Organisaties,
5560,Ciergnon,Namen
5590,CINEY,Namen
4260,Ciplet,Luik
7024,Ciply,Henegouwen
1480,Clabecq,Waals-Brabant
4560,CLAVIER,Luik
4890,Clermont,Luik
5650,Clermont,Namen
4480,Clermont-Sous-Huy,Luik
5022,Cognelée,Namen
7340,COLFONTAINE,Henegouwen
4170,COMBLAIN-AU-PONT,Luik
4180,Comblain-Fairon,Luik
4180,Comblain-La-Tour,Luik
5590,Conneux,Namen
1435,Corbais,Waals-Brabant
6838,Corbion,Luxemburg
7910,Cordes,Henegouwen
5620,Corenne,Namen
4860,Cornesse,Luik
5555,Cornimont,Namen
1935,CORPORATE VILLAGE,
5032,Corroy-Le-Château,Namen
1325,Corroy-Le-Grand,Waals-Brabant
4257,Corswarem,Luik
1450,Cortil-Noirmont,Waals-Brabant
5380,Cortil-Wodon,Namen
6010,Couillet,Henegouwen
6120,Cour-Sur-Heure,Henegouwen
6180,COURCELLES,Henegouwen
5336,Courrière,Namen
1490,COURT-SAINT-ETIENNE,Waals-Brabant
4218,Couthuin,Luik
5300,Coutisse,Namen
1380,Couture-Saint-Germain,Waals-Brabant
5660,COUVIN,Namen
4280,Cras-Avernas,Luik
4280,Crehen,Luik
4367,CRISNÉE,Luik
7120,Croix-Lez-Rouveroy,Henegouwen
4784,Crombach,Luik
5332,Crupet,Namen
7033,Cuesmes,Henegouwen
6880,Cugnon,Luxemburg
5660,Cul-Des-Sarts,Namen
5562,Custinne,Namen
8890,Dadizele,West-Vlaanderen
5660,Dailly,Namen
9160,Daknam,Oost-Vlaanderen 
4607,DALHEM,Luik
8340,DAMME,West-Vlaanderen
6767,Dampicourt,Luxemburg
6020,Dampremy,Henegouwen
4253,Darion,Luik
5630,Daussois,Namen
5020,Daussoulx,Namen
5100,Dave,Namen
6929,DAVERDISSE,Luxemburg
8420,DE HAAN,West-Vlaanderen
9170,De Klinge,Oost-Vlaanderen 
8630,De Moeren,West-Vlaanderen
8660,DE PANNE,West-Vlaanderen
9840,DE PINTE,Oost-Vlaanderen 
8540,DEERLIJK,West-Vlaanderen
9570,Deftinge,Oost-Vlaanderen 
9800,DEINZE,Oost-Vlaanderen 
9280,Denderbelle,Oost-Vlaanderen 
9450,Denderhoutem,Oost-Vlaanderen 
9470,DENDERLEEUW,Oost-Vlaanderen 
9200,DENDERMONDE,Oost-Vlaanderen 
9400,Denderwindeke,Oost-Vlaanderen 
5537,Denée,Namen
8720,DENTERGEM,West-Vlaanderen
7912,Dergneau,Henegouwen
2480,DESSEL,Antwerpen
8792,Desselgem,West-Vlaanderen
9070,DESTELBERGEN,Oost-Vlaanderen 
9042,Desteldonk,Oost-Vlaanderen 
9831,Deurle,Oost-Vlaanderen 
2100,Deurne,Antwerpen
3290,Deurne,Vlaams-Brabant
7864,Deux-Acren,Henegouwen
5310,Dhuy,Namen
1831,Diegem,Vlaams-Brabant
3590,DIEPENBEEK,Limburg
3290,DIEST,Vlaams-Brabant
3700,Diets-Heur,Limburg
8900,Dikkebus,West-Vlaanderen
9630,Dikkele,Oost-Vlaanderen 
9890,Dikkelvenne,Oost-Vlaanderen 
8600,DIKSMUIDE,West-Vlaanderen
1700,DILBEEK,Vlaams-Brabant
3650,Dilsen,Limburg
3650,DILSEN-STOKKEM,Limburg
5500,DINANT,Namen
5570,Dion,Namen
1325,Dion-Valmont,Waals-Brabant
4820,DISON,Luik
1045,DIV -- obsolete - use 1212 instead,
6960,Dochamps,Luxemburg
9130,Doel,Oost-Vlaanderen 
6836,Dohan,Luxemburg
5680,DOISCHE,Namen
4140,Dolembreux,Luik
4357,DONCEEL,Luik
1370,Dongelberg,Waals-Brabant
3540,Donk,Limburg
6536,Donstiennes,Henegouwen
5530,Dorinne,Namen
3440,Dormaal,Vlaams-Brabant
7711,Dottenijs,Henegouwen
7370,DOUR,Henegouwen
5670,Dourbes,Namen
8951,Dranouter,West-Vlaanderen
5500,Dréhance,Namen
8600,Driekapellen,West-Vlaanderen
3350,Drieslinter,Vlaams-Brabant
1620,DROGENBOS,Vlaams-Brabant
9031,Drongen,Oost-Vlaanderen 
8380,Dudzele,West-Vlaanderen
2570,DUFFEL,Antwerpen
3080,Duisburg,Vlaams-Brabant
3803,Duras,Limburg
6940,DURBUY,Luxemburg
5530,Durnal,Namen
1653,Dworp,Vlaams-Brabant
4690,Eben-Emael,Luik
6860,Ebly,Luxemburg
7190,Ecaussinnes-D'Enghien,Henegouwen
7191,Ecaussinnes-Lalaing,Henegouwen
2650,EDEGEM,Antwerpen
9700,Edelare,Oost-Vlaanderen 
7850,EDINGEN,Henegouwen
9900,EEKLO,Oost-Vlaanderen 
8480,Eernegem,West-Vlaanderen
8740,Egem,West-Vlaanderen
8630,Eggewaartskapelle,West-Vlaanderen
5310,EGHEZÉE,Namen
4120,Ehein,Luik
4480,Ehein,Luik
3740,Eigenbilzen,Limburg
2430,Eindhout,Antwerpen
9700,Eine,Oost-Vlaanderen 
3630,Eisden,Limburg
9810,Eke,Oost-Vlaanderen 
2180,Ekeren,Antwerpen
9160,Eksaarde,Oost-Vlaanderen 
3941,Eksel,Limburg
3650,Elen,Limburg
9620,Elene,Oost-Vlaanderen 
1982,Elewijt,Vlaams-Brabant
3400,Eliksem,Vlaams-Brabant
1671,Elingen,Vlaams-Brabant
4590,Ellemelle,Luik
7890,ELLEZELLES,Henegouwen
7910,Ellignies-Lez-Frasnes,Henegouwen
7972,Ellignies-Saint-Anne,Henegouwen
3670,Ellikom,Limburg
7370,Elouges,Henegouwen
9790,Elsegem,Oost-Vlaanderen 
4750,Elsenborn,Luik
1050,ELSENE,Brussel (19 gemeenten)
9660,Elst,Oost-Vlaanderen 
8906,Elverdinge,West-Vlaanderen
9140,Elversele,Oost-Vlaanderen 
2520,Emblem,Antwerpen
4053,Embourg,Luik
8870,Emelgem,West-Vlaanderen
5080,Emines,Namen
5363,Emptinne,Namen
9700,Ename,Oost-Vlaanderen 
3800,Engelmanshoven,Limburg
4480,ENGIS,Luik
1350,Enines,Waals-Brabant
4800,Ensival,Luik
7134,Epinois,Henegouwen
1980,Eppegem,Vlaams-Brabant
5580,Eprave,Namen
7050,Erbaut,Henegouwen
7050,Erbisoeul,Henegouwen
7500,Ere,Henegouwen
9320,Erembodegem,Oost-Vlaanderen 
6997,EREZÉE,Luxemburg
5644,Ermeton-Sur-Biert,Namen
5030,Ernage,Namen
6972,Erneuville,Luxemburg
4920,Ernonheid,Luik
9420,Erondegem,Oost-Vlaanderen 
9420,Erpe,Oost-Vlaanderen 
5101,Erpent,Namen
6441,Erpion,Henegouwen
3071,Erps-Kwerps,Vlaams-Brabant
6560,ERQUELINNES,Henegouwen
7387,Erquennes,Henegouwen
9940,Ertvelde,Oost-Vlaanderen 
9620,Erwetegem,Oost-Vlaanderen 
7760,Escanaffles,Henegouwen
8600,Esen,West-Vlaanderen
4130,ESNEUX,Luik
7502,Esplechin,Henegouwen
7743,Esquelmes,Henegouwen
2910,ESSEN,Antwerpen
1790,Essene,Vlaams-Brabant
7730,Estaimbourg,Henegouwen
7730,ESTAIMPUIS,Henegouwen
7120,Estinnes-Au-Mont,Henegouwen
7120,Estinnes-Au-Val,Henegouwen
6740,ETALLE,Luxemburg
6760,Ethe,Luxemburg
9680,Etikhove,Oost-Vlaanderen 
8460,Ettelgem,West-Vlaanderen
1040,ETTERBEEK,Brussel (19 gemeenten)
7080,Eugies,Henegouwen
4700,EUPEN,Luik
1046,European External Action Service,
1047,Europees Parlement,
1049,Europese unie - Commissie,
1048,Europese unie - Raad,
4631,Evegnée,Luik
5350,Evelette,Namen
9660,Everbeek,Oost-Vlaanderen 
3078,Everberg,Vlaams-Brabant
1140,EVERE,Brussel (19 gemeenten)
9940,EVERGEM,Oost-Vlaanderen 
7730,Evregnies,Henegouwen
5530,Evrehailles,Namen
4731,Eynatten,Luik
3400,Ezemaal,Vlaams-Brabant
5600,Fagnolle,Namen
4317,FAIMES,Luik
5522,Falaen,Namen
5060,Falisolle,Namen
4260,Fallais,Luik
5500,Falmagne,Namen
5500,Falmignoul,Namen
7181,Familleureux,Henegouwen
6240,FARCIENNES,Henegouwen
5340,Faulx-Les-Tombes,Namen
7120,Fauroeulx,Henegouwen
6637,FAUVILLERS,Luxemburg
4950,Faymonville,Luik
6856,Fays-Les-Veneurs,Luxemburg
7387,Fayt-Le-Franc,Henegouwen
7170,Fayt-Lez-Manage,Henegouwen
5570,Felenne,Namen
7181,Feluy,Henegouwen
4607,Feneur,Luik
4190,FERRIÈRES,Luik
5570,Feschaux,Namen
4347,FEXHE-LE-HAUT-CLOCHER,Luik
4458,Fexhe-Slins,Luik
4181,Filot,Luik
5560,Finnevaux,Namen
4530,Fize-Fontaine,Luik
4367,Fize-Le-Marsal,Luik
6686,Flamierge,Luxemburg
5620,Flavion,Namen
5020,Flawinne,Namen
4400,Flémalle-Grande,Luik
4400,Flémalle-Haute,Luik
7012,Flénu,Henegouwen
4620,FLÉRON,Luik
6220,FLEURUS,Henegouwen
4540,Flône,Luik
5334,Florée,Namen
5150,FLOREFFE,Namen
5620,FLORENNES,Namen
6820,FLORENVILLE,Luxemburg
5150,Floriffoux,Namen
5370,Flostoy,Namen
5572,Focant,Namen
1212,FOD Mobiliteit,
1350,Folx-Les-Caves,Waals-Brabant
6140,FONTAINE-L'EVÊQUE,Henegouwen
6567,Fontaine-Valmont,Henegouwen
5650,Fontenelle,Namen
6820,Fontenoille,Luxemburg
7643,Fontenoy,Henegouwen
4340,Fooz,Luik
6141,Forchies-La-Marche,Henegouwen
7910,Forest,Henegouwen
4870,Forêt,Luik
6596,Forge-Philippe,Henegouwen
6464,Forges,Henegouwen
6953,Forrières,Luxemburg
5380,Forville,Namen
4980,Fosse,Luik
5070,FOSSES-LA-VILLE,Namen
7830,Fouleng,Henegouwen
6440,Fourbechies,Henegouwen
5504,Foy-Notre-Dame,Namen
4870,Fraipont,Luik
5650,Fraire,Namen
4557,Fraiture,Luik
7080,FRAMERIES,Henegouwen
6853,Framont,Luxemburg
5380,Franc-Waret,Namen
5600,Franchimont,Namen
4970,Francorchamps,Luik
5150,Franière,Namen
5660,Frasnes,Namen
7911,Frasnes-Lez-Buissenal,Henegouwen
6210,Frasnes-Lez-Gosselies,Henegouwen
4347,Freloux,Luik
6800,Freux,Luxemburg
6440,FROIDCHAPELLE,Henegouwen
5576,Froidfontaine,Namen
7504,Froidmont,Henegouwen
6990,Fronville,Luxemburg
7503,Froyennes,Henegouwen
4260,Fumal,Luik
5500,Furfooz,Namen
5641,Furnaux,Namen
1750,Gaasbeek,Vlaams-Brabant
7943,Gages,Henegouwen
7906,Gallaix,Henegouwen
1570,GALMAARDEN,Vlaams-Brabant
1083,GANSHOREN,Brussel (19 gemeenten)
7530,Gaurain-Ramecroix,Henegouwen
9890,GAVERE,Oost-Vlaanderen 
5575,GEDINNE,Namen
2440,GEEL,Antwerpen
4250,GEER,Luik
1367,Geest-Gérompont-Petit-Rosière,Waals-Brabant
3450,GEETBETS,Vlaams-Brabant
5024,Gelbressée,Namen
3800,Gelinden,Limburg
3620,Gellik,Limburg
3200,Gelrode,Vlaams-Brabant
8980,Geluveld,West-Vlaanderen
8940,Geluwe,West-Vlaanderen
6929,Gembes,Luxemburg
5030,GEMBLOUX,Namen
4851,Gemmenich,Luik
1470,GENAPPE,Waals-Brabant
3600,GENK,Limburg
7040,Genly,Henegouwen
3770,Genoelselderen,Limburg
9000,GENT,Oost-Vlaanderen 
9099,Gent X,
9050,Gentbrugge,Oost-Vlaanderen 
1450,Gentinnes,Waals-Brabant
1332,Genval,Waals-Brabant
9500,GERAARDSBERGEN,Oost-Vlaanderen 
3960,Gerdingen,Limburg
5524,Gerin,Namen
1367,Gérompont,Waals-Brabant
6769,Gérouville,Luxemburg
6280,GERPINNES,Henegouwen
2590,Gestel,Antwerpen
5340,GESVES,Namen
7822,Ghislenghien,Henegouwen
7011,Ghlin,Henegouwen
7863,Ghoy,Henegouwen
7823,Gibecq,Henegouwen
2275,Gierle,Antwerpen
8691,Gijverinkhove,West-Vlaanderen
9308,Gijzegem,Oost-Vlaanderen 
8570,Gijzelbrechtegem,West-Vlaanderen
9860,Gijzenzele,Oost-Vlaanderen 
6060,Gilly,Henegouwen
5680,Gimnée,Namen
3890,GINGELOM,Limburg
8470,GISTEL,West-Vlaanderen
8830,Gits,West-Vlaanderen
7041,Givry,Henegouwen
1473,Glabais,Waals-Brabant
3380,GLABBEEK,Vlaams-Brabant
4000,Glain,Luik
4400,Gleixhe,Luik
1315,Glimes,Waals-Brabant
4690,Glons,Luik
5680,Gochenée,Namen
7160,Godarville,Henegouwen
5530,Godinne,Namen
9620,Godveerdegem,Oost-Vlaanderen 
4834,Goé,Luik
9500,Goeferdinge,Oost-Vlaanderen 
7040,Goegnies-Chaussée,Henegouwen
5353,Goesnes,Namen
3300,Goetsenhoven,Vlaams-Brabant
4140,Gomzé-Andoumont,Luik
7830,Gondregnies,Henegouwen
5660,Gonrieux,Namen
9090,Gontrode,Oost-Vlaanderen 
1755,GOOIK,Vlaams-Brabant
3840,Gors-Opleeuw,Limburg
3803,Gorsem,Limburg
6041,Gosselies,Henegouwen
3840,Gotem,Limburg
9800,Gottem,Oost-Vlaanderen 
7070,Gottignies,Henegouwen
6280,Gougnies,Henegouwen
5651,Gourdinne,Namen
6030,Goutroux,Henegouwen
6670,GOUVY,Luxemburg
6181,Gouy-Lez-Piéton,Henegouwen
6534,Gozée,Henegouwen
4460,Grâce-Berleur,Luik
4460,GRÂCE-HOLLOGNE,Luik
5555,Graide,Namen
9800,Grammene,Oost-Vlaanderen 
4300,Grand-Axhe,Luik
4280,Grand-Hallet,Luik
6698,Grand-Halleux,Luxemburg
5031,Grand-Leez,Namen
5030,Grand-Manil,Namen
4650,Grand-Rechain,Luik
6560,Grand-Reng,Henegouwen
1367,Grand-Rosière-Hottomont,Waals-Brabant
7973,Grandglise,Henegouwen
6940,Grandhan,Luxemburg
6960,Grandmenil,Luxemburg
7900,Grandmetz,Henegouwen
6470,Grandrieu,Henegouwen
4360,Grandville,Luik
6840,Grandvoir,Luxemburg
6840,Grapfontaine,Luxemburg
7830,Graty,Henegouwen
5640,Graux,Namen
3450,Grazen,Vlaams-Brabant
9200,Grembergen,Oost-Vlaanderen 
1390,GREZ-DOICEAU,Waals-Brabant
1850,GRIMBERGEN,Vlaams-Brabant
9506,Grimminge,Oost-Vlaanderen 
4030,Grivegnee,Luik
2280,GROBBENDONK,Antwerpen
1702,Groot-Bijgaarden,Vlaams-Brabant
3800,Groot-Gelmen,Limburg
3840,Groot-Loon,Limburg
5555,Gros-Fays,Namen
7950,Grosage,Henegouwen
3990,Grote-Brogel,Limburg
3740,Grote-Spouwen,Limburg
9620,Grotenberge,Oost-Vlaanderen 
3670,Gruitrode,Limburg
6952,Grune,Luxemburg
6927,Grupont,Luxemburg
7620,Guignies,Henegouwen
3723,Guigoven,Limburg
6704,Guirsch,Luxemburg
8560,Gullegem,West-Vlaanderen
3870,Gutshoven,Limburg
3150,HAACHT,Vlaams-Brabant
9450,HAALTERT,Oost-Vlaanderen 
9120,Haasdonk,Oost-Vlaanderen 
3053,Haasrode,Vlaams-Brabant
6720,Habay-La-Neuve,Luxemburg
6723,Habay-La-Vieille,Luxemburg
6782,Habergy,Luxemburg
4684,Haccourt,Luik
6720,Hachy,Luxemburg
7911,Hacquegnies,Henegouwen
5351,Haillot,Namen
7100,Haine-Saint-Paul,Henegouwen
7100,Haine-Saint-Pierre,Henegouwen
7350,Hainin,Henegouwen
3300,Hakendover,Vlaams-Brabant
6792,Halanzy,Luxemburg
3545,HALEN,Limburg
2220,Hallaar,Antwerpen
1500,HALLE,Vlaams-Brabant
2980,Halle,Antwerpen
3440,Halle-Booienhoven,Vlaams-Brabant
6986,Halleux,Luxemburg
6922,Halma,Luxemburg
3800,Halmaal,Limburg
5340,Haltinne,Namen
6120,HAM-SUR-HEURE,Henegouwen
5190,Ham-Sur-Sambre,Namen
6840,Hamipré,Luxemburg
1785,Hamme,Vlaams-Brabant
9220,HAMME,Oost-Vlaanderen 
1320,Hamme-Mille,Waals-Brabant
4180,HAMOIR,Luik
5360,HAMOIS,Namen
3930,Hamont,Limburg
6990,Hampteau,Luxemburg
5580,Han-Sur-Lesse,Namen
8610,Handzame,West-Vlaanderen
4357,Haneffe,Luik
4210,Hannêche,Luik
4280,HANNUT,Luik
5310,Hanret,Namen
9850,Hansbeke,Oost-Vlaanderen 
6560,Hantes-Wihéries,Henegouwen
5621,Hanzinelle,Namen
5621,Hanzinne,Namen
7321,Harchies,Henegouwen
8530,HARELBEKE,West-Vlaanderen
1130,Haren,Brussel (19 gemeenten)
3700,Haren,Limburg
3840,Haren,Limburg
6900,Hargimont,Luxemburg
7022,Harmignies,Henegouwen
6767,Harnoncourt,Luxemburg
6960,Harre,Luxemburg
6950,Harsin,Luxemburg
7022,Harveng,Henegouwen
4920,Harzé,Luik
3500,HASSELT,Limburg
5540,Hastière-Lavaux,Namen
5541,Hastière-Par-Delà,Namen
6870,Hatrival,Luxemburg
7120,Haulchin,Henegouwen
4730,Hauset,Luik
6929,Haut-Fays,Luxemburg
1461,Haut-Ittre,Waals-Brabant
5537,Haut-Le-Wastia,Namen
7334,Hautrage,Henegouwen
7041,Havay,Henegouwen
5370,HAVELANGE,Namen
5590,Haversin,Namen
7531,Havinnes,Henegouwen
7021,Havre,Henegouwen
3940,Hechtel,Limburg
5543,Heer,Namen
3870,HEERS,Limburg
3740,Hees,Limburg
8551,Heestert,West-Vlaanderen
2801,Heffen,Antwerpen
1670,Heikruis,Vlaams-Brabant
2830,Heindonk,Antwerpen
6700,Heinsch,Luxemburg
8301,Heist-Aan-Zee,West-Vlaanderen
2220,HEIST-OP-DEN-BERG,Antwerpen
1790,Hekelgem,Vlaams-Brabant
3870,Heks,Limburg
3530,Helchteren,Limburg
9450,Heldergem,Oost-Vlaanderen 
3440,Helen-Bos,Vlaams-Brabant
8587,Helkijn,West-Vlaanderen
7830,Hellebecq,Henegouwen
9571,Hemelveerdegem,Oost-Vlaanderen 
2620,HEMIKSEM,Antwerpen
5380,Hemptinne,Namen
5620,Hemptinne-Lez-Florennes,Namen
3840,Hendrieken,Limburg
3700,Henis,Limburg
7090,Hennuyères,Henegouwen
4841,Henri-Chapelle,Luik
7090,Henripont,Henegouwen
7350,HENSIES,Henegouwen
3971,Heppen,Limburg
4771,Heppenbach,Luik
6220,Heppignies,Henegouwen
6887,HERBEUMONT,Luxemburg
7050,Herchies,Henegouwen
3770,Herderen,Limburg
9310,Herdersem,Oost-Vlaanderen 
3020,HERENT,Vlaams-Brabant
2200,HERENTALS,Antwerpen
2270,HERENTHOUT,Antwerpen
1540,Herfelingen,Vlaams-Brabant
4728,Hergenrath,Luik
7742,Hérinnes-Lez-Pecq,Henegouwen
3540,HERK-DE-STAD,Limburg
4681,Hermalle-Sous-Argenteau,Luik
4480,Hermalle-Sous-Huy,Luik
4680,Hermée,Luik
5540,Hermeton-Sur-Meuse,Namen
1540,HERNE,Vlaams-Brabant
4217,HÉRON,Luik
7911,Herquegies,Henegouwen
7712,Herseaux,Henegouwen
2230,HERSELT,Antwerpen
4040,HERSTAL,Luik
3717,HERSTAPPE,Limburg
7522,Hertain,Henegouwen
3831,Herten,Limburg
8020,Hertsberge,West-Vlaanderen
4650,HERVE,Luik
9550,HERZELE,Oost-Vlaanderen 
8501,Heule,West-Vlaanderen
5377,Heure,Namen
4682,Heure-Le-Romain,Luik
9700,Heurne,Oost-Vlaanderen 
3550,Heusden,Limburg
9070,Heusden,Oost-Vlaanderen 
3550,HEUSDEN-ZOLDER,Limburg
4802,Heusy,Luik
3191,Hever,Vlaams-Brabant
3001,Heverlee,Vlaams-Brabant
1435,Hévillers,Waals-Brabant
6941,Heyd,Luxemburg
1733,HighCo DATA,
9550,Hillegem,Oost-Vlaanderen 
2880,Hingene,Antwerpen
5380,Hingeon,Namen
6984,Hives,Luxemburg
2660,Hoboken,Antwerpen
4351,Hodeige,Luik
6987,Hodister,Luxemburg
4162,Hody,Luik
3320,HOEGAARDEN,Vlaams-Brabant
1560,HOEILAART,Vlaams-Brabant
8340,Hoeke,West-Vlaanderen
3746,Hoelbeek,Limburg
3471,Hoeleden,Vlaams-Brabant
3840,Hoepertingen,Limburg
3730,HOESELT,Limburg
2940,Hoevenen,Antwerpen
1981,Hofstade,Vlaams-Brabant
9308,Hofstade,Oost-Vlaanderen 
5377,Hogne,Namen
4342,Hognoul,Luik
7620,Hollain,Henegouwen
6637,Hollange,Luxemburg
8902,Hollebeke,West-Vlaanderen
4460,Hollogne-Aux-Pierres,Luik
4250,Hollogne-Sur-Geer,Luik
3220,HOLSBEEK,Vlaams-Brabant
2811,Hombeek,Antwerpen
4852,Hombourg,Luik
6640,Hompré,Luxemburg
6780,Hondelange,Luxemburg
5570,Honnay,Namen
8830,HOOGLEDE,West-Vlaanderen
8690,Hoogstade,West-Vlaanderen
2320,HOOGSTRATEN,Antwerpen
4460,Horion-Hozémont,Luik
7301,Hornu,Henegouwen
3870,Horpmaal,Limburg
7060,Horrues,Henegouwen
6990,HOTTON,Luxemburg
6724,Houdemont,Luxemburg
7110,Houdeng-Aimeries,Henegouwen
7110,Houdeng-Goegnies,Henegouwen
5575,Houdremont,Namen
6660,HOUFFALIZE,Luxemburg
5563,Hour,Namen
4671,Housse,Luik
1476,Houtain-Le-Val,Waals-Brabant
4682,Houtain-Saint-Siméon,Luik
7812,Houtaing,Henegouwen
8377,Houtave,West-Vlaanderen
8630,Houtem,West-Vlaanderen
3530,Houthalen,Limburg
7781,Houthem,Henegouwen
8650,HOUTHULST,West-Vlaanderen
2235,Houtvenne,Antwerpen
3390,Houwaart,Vlaams-Brabant
5530,Houx,Namen
5560,HOUYET,Namen
2540,HOVE,Antwerpen
7830,Hoves,Henegouwen
7624,Howardries,Henegouwen
4520,Huccorgne,Luik
9750,Huise,Oost-Vlaanderen 
7950,Huissignies,Henegouwen
1654,Huizingen,Vlaams-Brabant
3040,HULDENBERG,Vlaams-Brabant
2235,HULSHOUT,Antwerpen
5560,Hulsonniaux,Namen
8531,Hulste,West-Vlaanderen
6900,Humain,Luxemburg
1851,Humbeek,Vlaams-Brabant
9630,Hundelgem,Oost-Vlaanderen 
1367,Huppaye,Waals-Brabant
4500,HUY,Luik
7022,Hyon,Henegouwen
8480,ICHTEGEM,West-Vlaanderen
9472,Iddergem,Oost-Vlaanderen 
9506,Idegem,Oost-Vlaanderen 
8900,IEPER,West-Vlaanderen
9340,Impe,Oost-Vlaanderen 
1315,INCOURT,Waals-Brabant
8770,INGELMUNSTER,West-Vlaanderen
8570,Ingooigem,West-Vlaanderen
1041,International press center,
7801,Irchonwelz,Henegouwen
7822,Isières,Henegouwen
5032,Isnes,Namen
2222,Itegem,Antwerpen
1701,Itterbeek,Vlaams-Brabant
1460,ITTRE,Waals-Brabant
4400,Ivoz-Ramet,Luik
8870,IZEGEM,West-Vlaanderen
6810,Izel,Luxemburg
8691,Izenberge,West-Vlaanderen
6941,Izier,Luxemburg
8490,JABBEKE,West-Vlaanderen
4845,JALHAY,Luik
5354,Jallet,Namen
5600,Jamagne,Namen
5100,Jambes,Namen
5600,Jamiolle,Namen
6120,Jamioulx,Henegouwen
6810,Jamoigne,Luxemburg
1350,Jandrain-Jandrenouille,Waals-Brabant
1350,Jauche,Waals-Brabant
1370,Jauchelette,Waals-Brabant
5570,Javingue,Namen
4540,Jehay,Luik
6880,Jehonville,Luxemburg
7012,Jemappes,Henegouwen
5580,Jemelle,Namen
4101,Jemeppe-Sur-Meuse,Luik
5190,JEMEPPE-SUR-SAMBRE,Namen
4357,Jeneffe,Luik
5370,Jeneffe,Namen
3840,Jesseren,Limburg
1090,JETTE,Brussel (19 gemeenten)
3890,Jeuk,Limburg
1370,JODOIGNE,Waals-Brabant
1370,Jodoigne-Souveraine,Waals-Brabant
7620,Jollain-Merlin,Henegouwen
6280,Joncret,Henegouwen
4650,Julémont,Luik
6040,Jumet,Henegouwen
4020,Jupille-Sur-Meuse,Luik
4450,JUPRELLE,Luik
7050,JURBISE,Henegouwen
6642,Juseret,Luxemburg
8600,Kaaskerke,West-Vlaanderen
8870,Kachtem,West-Vlaanderen
3293,Kaggevinne,Vlaams-Brabant
7540,Kain,Henegouwen
9270,Kalken,Oost-Vlaanderen 
9120,Kallo,Oost-Vlaanderen 
9130,Kallo,Oost-Vlaanderen 
2920,KALMTHOUT,Antwerpen
1008,Kamer van Volksvertegenwoordigers,
1910,KAMPENHOUT,Vlaams-Brabant
8700,Kanegem,West-Vlaanderen
3770,Kanne,Limburg
1880,KAPELLE-OP-DEN-BOS,Vlaams-Brabant
2950,KAPELLEN,Antwerpen
3381,Kapellen,Vlaams-Brabant
9970,KAPRIJKE,Oost-Vlaanderen 
8572,Kaster,West-Vlaanderen
2460,KASTERLEE,Antwerpen
3950,Kaulille,Limburg
3140,KEERBERGEN,Vlaams-Brabant
8600,Keiem,West-Vlaanderen
4367,Kemexhe,Luik
8956,Kemmel,West-Vlaanderen
9190,Kemzeke,Oost-Vlaanderen 
8581,Kerkhove,West-Vlaanderen
3370,Kerkom,Vlaams-Brabant
3800,Kerkom-Bij-Sint-Truiden,Limburg
9451,Kerksken,Oost-Vlaanderen 
3510,Kermt,Limburg
3840,Kerniel,Limburg
3472,Kersbeek-Miskom,Vlaams-Brabant
2560,Kessel,Antwerpen
3010,Kessel Lo,Vlaams-Brabant
3640,Kessenich,Limburg
1755,Kester,Vlaams-Brabant
4701,Kettenis,Luik
5060,Keumiée,Namen
9130,Kieldrecht,Oost-Vlaanderen 
3640,KINROOI,Limburg
3870,Klein-Gelmen,Limburg
3990,Kleine-Brogel,Limburg
3740,Kleine-Spouwen,Limburg
8420,Klemskerke,West-Vlaanderen
8650,Klerken,West-Vlaanderen
9940,Kluizen,Oost-Vlaanderen 
9910,KNESSELARE,Oost-Vlaanderen 
8300,Knokke,West-Vlaanderen
1730,Kobbegem,Vlaams-Brabant
8680,KOEKELARE,West-Vlaanderen
1081,KOEKELBERG,Brussel (19 gemeenten)
3582,Koersel,Limburg
8670,KOKSIJDE,West-Vlaanderen
3700,Kolmont,Limburg
3840,Kolmont,Limburg
7780,Komen,Henegouwen
7780,KOMEN-WAASTEN,Henegouwen
2500,Koningshooikt,Antwerpen
3700,Koninksem,Limburg
2550,KONTICH,Antwerpen
8510,Kooigem,West-Vlaanderen
8000,Koolkerke,West-Vlaanderen
8851,Koolskamp,West-Vlaanderen
3060,Korbeek-Dijle,Vlaams-Brabant
3360,Korbeek-Lo,Vlaams-Brabant
8610,KORTEMARK,West-Vlaanderen
3470,KORTENAKEN,Vlaams-Brabant
3070,KORTENBERG,Vlaams-Brabant
3720,KORTESSEM,Limburg
3890,Kortijs,Limburg
8500,KORTRIJK,West-Vlaanderen
3220,Kortrijk-Dutsel,Vlaams-Brabant
3850,Kozen,Limburg
1950,KRAAINEM,Vlaams-Brabant
8972,Krombeke,West-Vlaanderen
9150,KRUIBEKE,Oost-Vlaanderen 
9770,KRUISHOUTEM,Oost-Vlaanderen 
3300,Kumtich,Vlaams-Brabant
3511,Kuringen,Limburg
3840,Kuttekoven,Limburg
8520,KUURNE,West-Vlaanderen
3945,Kwaadmechelen,Limburg
9690,Kwaremont,Oost-Vlaanderen 
1320,L'Ecluse,Waals-Brabant
6464,L'Escaillère,Henegouwen
7080,La Bouverie,Henegouwen
4720,LA CALAMINE,Luik
7611,La Glanerie,Henegouwen
4987,La Gleize,Luik
7170,La Hestre,Henegouwen
1310,LA HULPE,Waals-Brabant
7100,LA LOUVIÈRE,Henegouwen
4910,La Reid,Luik
6980,LA ROCHE-EN-ARDENNE,Luxemburg
3400,Laar,Vlaams-Brabant
9270,LAARNE,Oost-Vlaanderen 
6567,Labuissière,Henegouwen
6821,Lacuisine,Luxemburg
7950,Ladeuze,Henegouwen
5550,Laforet,Namen
7890,Lahamaide,Henegouwen
1020,Laken,Brussel (19 gemeenten)
7522,Lamain,Henegouwen
4800,Lambermont,Luik
6220,Lambusart,Henegouwen
4350,Lamine,Luik
4210,Lamontzée,Luik
6767,Lamorteau,Luxemburg
8600,Lampernisse,West-Vlaanderen
3620,LANAKEN,Limburg
4600,Lanaye,Luik
9850,Landegem,Oost-Vlaanderen 
6111,Landelies,Henegouwen
3400,LANDEN,Vlaams-Brabant
5300,Landenne,Namen
9860,Landskouter,Oost-Vlaanderen 
5651,Laneffe,Namen
3201,Langdorp,Vlaams-Brabant
8920,Langemark,West-Vlaanderen
3650,Lanklaar,Limburg
7800,Lanquesaint,Henegouwen
4450,Lantin,Luik
4300,Lantremange,Luik
7622,Laplaigne,Henegouwen
8340,Lapscheure,West-Vlaanderen
1380,Lasne-Chapelle-Saint-Lambert,Waals-Brabant
1370,Lathuy,Waals-Brabant
4261,Latinne,Luik
6761,Latour,Luxemburg
3700,Lauw,Limburg
8930,Lauwe,West-Vlaanderen
6681,Lavacherie,Luxemburg
5580,Lavaux-Saint-Anne,Namen
4217,Lavoir,Luik
5670,Le Mesnil,Namen
7070,LE ROEULX,Henegouwen
5070,Le Roux,Namen
9280,LEBBEKE,Oost-Vlaanderen 
9340,LEDE,Oost-Vlaanderen 
9050,Ledeberg,Oost-Vlaanderen 
8880,LEDEGEM,West-Vlaanderen
3061,Leefdaal,Vlaams-Brabant
1755,Leerbeek,Vlaams-Brabant
6142,Leernes,Henegouwen
6530,Leers-Et-Fosteau,Henegouwen
7730,Leers-Nord,Henegouwen
2811,Leest,Antwerpen
9620,Leeuwergem,Oost-Vlaanderen 
8432,Leffinge,West-Vlaanderen
6860,LÉGLISE,Luxemburg
5590,Leignon,Namen
8691,Leisele,West-Vlaanderen
8600,Leke,West-Vlaanderen
1502,Lembeek,Vlaams-Brabant
9971,Lembeke,Oost-Vlaanderen 
9820,Lemberge,Oost-Vlaanderen 
8860,LENDELEDE,West-Vlaanderen
7870,LENS,Henegouwen
4280,Lens-Saint-Remy,Luik
4250,Lens-Saint-Servais,Luik
4360,Lens-Sur-Geer,Luik
3970,LEOPOLDSBURG,Limburg
4560,Les Avins,Luik
6811,Les Bulles,Luxemburg
6830,Les Hayons,Luxemburg
4317,Les Waleffes,Luik
7621,Lesdain,Henegouwen
7860,LESSINES,Henegouwen
5580,Lessive,Namen
6953,Lesterny,Luxemburg
5170,Lesve,Namen
7850,Lettelingen,Henegouwen
9521,Letterhoutem,Oost-Vlaanderen 
6500,Leugnies,Henegouwen
9700,Leupegem,Oost-Vlaanderen 
3630,Leut,Limburg
3000,LEUVEN,Vlaams-Brabant
5310,Leuze,Namen
7900,LEUZE-EN-HAINAUT,Henegouwen
6500,Leval-Chaudeville,Henegouwen
7134,Leval-Trahegnies,Henegouwen
6238,Liberchies,Henegouwen
6890,LIBIN,Luxemburg
6800,LIBRAMONT-CHEVIGNY,Luxemburg
2460,Lichtaart,Antwerpen
8810,LICHTERVELDE,West-Vlaanderen
1770,LIEDEKERKE,Vlaams-Brabant
9400,Lieferinge,Oost-Vlaanderen 
4000,LIÈGE,Luik
4020,LIÈGE,Luik
4099,Liège X,
2500,LIER,Antwerpen
4990,LIERNEUX,Luik
5310,Liernu,Namen
4042,Liers,Luik
2870,Liezele,Antwerpen
7812,Ligne,Henegouwen
4254,Ligney,Luik
5140,Ligny,Namen
2275,LILLE,Antwerpen
2040,Lillo,Antwerpen
1428,Lillois-Witterzée,Waals-Brabant
1300,Limal,Waals-Brabant
4830,LIMBOURG,Luik
1342,Limelette,Waals-Brabant
6670,Limerlé,Luxemburg
4357,Limont,Luik
4287,LINCENT,Luik
3210,Linden,Vlaams-Brabant
1630,LINKEBEEK,Vlaams-Brabant
3560,Linkhout,Limburg
1357,Linsmeau,Waals-Brabant
2547,LINT,Antwerpen
3350,LINTER,Vlaams-Brabant
2890,Lippelo,Antwerpen
5501,Lisogne,Namen
8380,Lissewege,West-Vlaanderen
5101,Lives-Sur-Meuse,Namen
4600,Lixhe,Luik
8647,Lo,West-Vlaanderen
6540,LOBBES,Henegouwen
9080,LOCHRISTI,Oost-Vlaanderen 
6042,Lodelinsart,Henegouwen
2990,Loenhout,Antwerpen
8958,Loker,West-Vlaanderen
9160,LOKEREN,Oost-Vlaanderen 
3545,Loksbergen,Limburg
8434,Lombardsijde,West-Vlaanderen
7870,Lombise,Henegouwen
3920,LOMMEL,Limburg
4783,Lommersweiler,Luik
6463,Lompret,Henegouwen
6924,Lomprez,Luxemburg
4431,Loncin,Luik
1840,LONDERZEEL,Vlaams-Brabant
5310,Longchamps,Namen
6688,Longchamps,Luxemburg
6840,Longlier,Luxemburg
1325,Longueville,Waals-Brabant
6600,Longvilly,Luxemburg
4710,LONTZEN,Luik
5030,Lonzée,Namen
3040,Loonbeek,Vlaams-Brabant
8210,Loppem,West-Vlaanderen
4987,Lorcé,Luik
1651,Lot,Vlaams-Brabant
9880,Lotenhulle,Oost-Vlaanderen 
5575,Louette-Saint-Denis,Namen
5575,Louette-Saint-Pierre,Namen
1471,Loupoigne,Waals-Brabant
1348,Louvain-La-Neuve,Waals-Brabant
4141,Louveigné,Luik
4920,Louveigné,Luik
9920,LOVENDEGEM,Oost-Vlaanderen 
3360,Lovenjoel,Vlaams-Brabant
6280,Loverval,Henegouwen
5101,Loyers,Namen
3210,LUBBEEK,Vlaams-Brabant
7700,Luingne,Henegouwen
3560,LUMMEN,Limburg
5170,Lustin,Namen
6238,Luttre,Henegouwen
9680,Maarke-Kerkem,Oost-Vlaanderen 
3680,MAASEIK,Limburg
3630,MAASMECHELEN,Limburg
6663,Mabompré,Luxemburg
1830,MACHELEN,Vlaams-Brabant
9870,Machelen,Oost-Vlaanderen 
6591,Macon,Henegouwen
6593,Macquenoise,Henegouwen
5374,Maffe,Namen
7810,Maffle,Henegouwen
4623,Magnée,Luik
5330,Maillen,Namen
7812,Mainvault,Henegouwen
7020,Maisières,Henegouwen
6852,Maissin,Luxemburg
5300,Maizeret,Namen
3700,Mal,Limburg
9990,MALDEGEM,Oost-Vlaanderen 
1840,Malderen,Vlaams-Brabant
6960,Malempré,Luxemburg
1360,Malèves-Sainte-Marie-Wastines,Waals-Brabant
2390,MALLE,Antwerpen
4960,MALMEDY,Luik
5020,Malonne,Namen
5575,Malvoisin,Namen
7170,MANAGE,Henegouwen
4760,Manderfeld,Luik
8433,Mannekensvere,West-Vlaanderen
1380,Maransart,Waals-Brabant
1495,Marbais,Waals-Brabant
6120,Marbaix,Henegouwen
6900,MARCHE-EN-FAMENNE,Luxemburg
5024,Marche-Les-Dames,Namen
7190,Marche-Lez-Ecaussinnes,Henegouwen
6030,Marchienne-Au-Pont,Henegouwen
4570,MARCHIN,Luik
7387,Marchipont,Henegouwen
5380,Marchovelette,Namen
6001,Marcinelle,Henegouwen
6987,Marcourt,Luxemburg
6990,Marenne,Luxemburg
9030,Mariakerke,Oost-Vlaanderen 
2880,Mariekerke,Antwerpen
5660,Mariembourg,Namen
1350,Marilles,Waals-Brabant
7850,Mark,Henegouwen
8510,Marke,West-Vlaanderen
8720,Markegem,West-Vlaanderen
4210,Marneffe,Luik
7522,Marquain,Henegouwen
6630,MARTELANGE,Luxemburg
3742,Martenslinde,Limburg
5573,Martouzin-Neuville,Namen
6953,Masbourg,Luxemburg
7050,Masnuy-Saint-Jean,Henegouwen
7050,Masnuy-Saint-Pierre,Henegouwen
9230,Massemen,Oost-Vlaanderen 
2240,Massenhoven,Antwerpen
5680,Matagne-La-Grande,Namen
5680,Matagne-La-Petite,Namen
9700,Mater,Oost-Vlaanderen 
7640,Maubray,Henegouwen
7534,Maulde,Henegouwen
7110,Maurage,Henegouwen
5670,Mazée,Namen
1745,Mazenzele,Vlaams-Brabant
5032,Mazy,Namen
5372,Méan,Namen
2800,MECHELEN,Antwerpen
3630,Mechelen-Aan-De-Maas,Limburg
3870,Mechelen-Bovelingen,Limburg
4219,Meeffe,Luik
3391,Meensel-Kiezegem,Vlaams-Brabant
2321,Meer,Antwerpen
3078,Meerbeek,Vlaams-Brabant
9402,Meerbeke,Oost-Vlaanderen 
9170,Meerdonk,Oost-Vlaanderen 
2450,MEERHOUT,Antwerpen
2328,Meerle,Antwerpen
3630,Meeswijk,Limburg
8377,Meetkerke,West-Vlaanderen
3670,Meeuwen,Limburg
5310,Mehaigne,Namen
9800,Meigem,Oost-Vlaanderen 
9630,Meilegem,Oost-Vlaanderen 
1860,MEISE,Vlaams-Brabant
6769,MEIX-DEVANT-VIRTON,Luxemburg
6747,Meix-Le-Tige,Luxemburg
9700,Melden,Oost-Vlaanderen 
3320,Meldert,Vlaams-Brabant
3560,Meldert,Limburg
9310,Meldert,Oost-Vlaanderen 
4633,Melen,Luik
1370,Mélin,Waals-Brabant
3350,Melkwezer,Vlaams-Brabant
9090,MELLE,Oost-Vlaanderen 
1495,Mellery,Waals-Brabant
7540,Melles,Henegouwen
6211,Mellet,Henegouwen
6860,Mellier,Luxemburg
1820,Melsbroek,Vlaams-Brabant
9120,Melsele,Oost-Vlaanderen 
9820,Melsen,Oost-Vlaanderen 
4837,Membach,Luik
5550,Membre,Namen
3770,Membruggen,Limburg
9042,Mendonk,Oost-Vlaanderen 
8930,MENEN,West-Vlaanderen
6567,MERBES-LE-CHÂTEAU,Henegouwen
6567,Merbes-Sainte-Marie,Henegouwen
1785,MERCHTEM,Vlaams-Brabant
4280,Merdorp,Luik
9420,Mere,Oost-Vlaanderen 
9820,MERELBEKE,Oost-Vlaanderen 
9850,Merendree,Oost-Vlaanderen 
8650,Merkem,West-Vlaanderen
2170,Merksem,Antwerpen
2330,MERKSPLAS,Antwerpen
5600,Merlemont,Namen
8957,MESEN,West-Vlaanderen
7822,Meslin-L'Evêque,Henegouwen
5560,Mesnil-Eglise,Namen
5560,Mesnil-Saint-Blaise,Namen
9200,Mespelare,Oost-Vlaanderen 
6780,MESSANCY,Luxemburg
3272,Messelbroek,Vlaams-Brabant
7022,Mesvin,Henegouwen
3870,Mettekoven,Limburg
5640,METTET,Namen
8760,MEULEBEKE,West-Vlaanderen
5081,Meux,Namen
7942,Mévergnies-Lez-Lens,Henegouwen
4770,Meyerode,Luik
9660,Michelbeke,Oost-Vlaanderen 
4630,Micheroux,Luik
9992,Middelburg,Oost-Vlaanderen 
8430,MIDDELKERKE,West-Vlaanderen
5376,Miécret,Namen
3891,Mielen-Boven-Aalst,Limburg
7070,Mignault,Henegouwen
3770,Millen,Limburg
4041,Milmort,Luik
2322,Minderhout,Antwerpen
1035,Ministerie van het Brussels Hoofdstedelijk Gewest,
6870,Mirwart,Luxemburg
4577,MODAVE,Luik
3790,Moelingen,Limburg
8552,Moen,West-Vlaanderen
9500,Moerbeke,Oost-Vlaanderen 
9180,MOERBEKE-WAAS,Oost-Vlaanderen 
8470,Moere,West-Vlaanderen
8340,Moerkerke,West-Vlaanderen
9220,Moerzeke,Oost-Vlaanderen 
7700,MOESKROEN,Henegouwen
4520,Moha,Luik
5361,Mohiville,Namen
5060,Moignelée,Namen
6800,Moircy,Luxemburg
2400,MOL,Antwerpen
7760,Molenbaix,Henegouwen
3461,Molenbeek-Wersbeek,Vlaams-Brabant
3640,Molenbeersel,Limburg
3294,Molenstede,Vlaams-Brabant
1730,Mollem,Vlaams-Brabant
4350,Momalle,Luik
6590,MOMIGNIES,Henegouwen
5555,Monceau-En-Ardenne,Namen
6592,Monceau-Imbrechies,Henegouwen
6031,Monceau-Sur-Sambre,Henegouwen
7000,MONS,Henegouwen
4400,Mons-Lez-Liège,Luik
1400,Monstreux,Waals-Brabant
5530,Mont,Namen
6661,Mont,Luxemburg
5580,Mont-Gauthier,Namen
1367,Mont-Saint-André,Waals-Brabant
7542,Mont-Saint-Aubert,Henegouwen
1435,MONT-SAINT-GUIBERT,Waals-Brabant
7141,Mont-Sainte-Aldegonde,Henegouwen
6540,Mont-Sainte-Geneviève,Henegouwen
6032,Mont-Sur-Marchienne,Henegouwen
6470,Montbliart,Henegouwen
4420,Montegnée,Luik
3890,Montenaken,Limburg
7870,Montignies-Lez-Lens,Henegouwen
6560,Montignies-Saint-Christophe,Henegouwen
7387,Montignies-Sur-Roc,Henegouwen
6061,Montignies-Sur-Sambre,Henegouwen
6110,MONTIGNY-LE-TILLEUL,Henegouwen
6674,Montleban,Luxemburg
7911,Montroeul-Au-Bois,Henegouwen
7350,Montroeul-Sur-Haine,Henegouwen
4850,Montzen,Luik
9310,Moorsel,Oost-Vlaanderen 
8560,Moorsele,West-Vlaanderen
8890,MOORSLEDE,West-Vlaanderen
9860,Moortsele,Oost-Vlaanderen 
3740,Mopertingen,Limburg
9790,Moregem,Oost-Vlaanderen 
4850,Moresnet,Luik
6640,Morhet,Luxemburg
5621,Morialmé,Namen
2200,Morkhoven,Antwerpen
7140,Morlanwelz-Mariemont,Henegouwen
6997,Mormont,Luxemburg
5190,Mornimont,Namen
4670,Mortier,Luik
4607,Mortroux,Luik
2640,MORTSEL,Antwerpen
5620,Morville,Namen
7812,Moulbaix,Henegouwen
7543,Mourcourt,Henegouwen
7911,Moustier,Henegouwen
5190,Moustier-Sur-Sambre,Namen
5550,Mouzaive,Namen
4280,Moxhe,Luik
5340,Mozet,Namen
2812,Muizen,Antwerpen
3891,Muizen,Limburg
9700,Mullem,Oost-Vlaanderen 
9630,Munkzwalm,Oost-Vlaanderen 
6820,Muno,Luxemburg
3740,Munsterbilzen,Limburg
9820,Munte,Oost-Vlaanderen 
6750,MUSSON,Luxemburg
6750,Mussy-La-Ville,Luxemburg
4190,My,Luik
7062,Naast,Henegouwen
6660,Nadrin,Luxemburg
5550,Nafraiture,Namen
6120,Nalinnes,Henegouwen
5300,Namêche,Namen
5000,NAMUR,Namen
4550,NANDRIN,Luik
5100,Naninne,Namen
5555,Naomé,Namen
6950,NASSOGNE,Luxemburg
1110,NATO,
5360,Natoye,Namen
9810,NAZARETH,Oost-Vlaanderen 
7730,Néchin,Henegouwen
1120,Neder-Over-Heembeek,Brussel (19 gemeenten)
9500,Nederboelare,Oost-Vlaanderen 
9660,Nederbrakel,Oost-Vlaanderen 
9700,Nederename,Oost-Vlaanderen 
9400,Nederhasselt,Oost-Vlaanderen 
1910,Nederokkerzeel,Vlaams-Brabant
9636,Nederzwalm-Hermelgem,Oost-Vlaanderen 
3670,Neerglabbeek,Limburg
3620,Neerharen,Limburg
3350,Neerhespen,Vlaams-Brabant
1357,Neerheylissem,Waals-Brabant
3040,Neerijse,Vlaams-Brabant
3404,Neerlanden,Vlaams-Brabant
3350,Neerlinter,Vlaams-Brabant
3680,Neeroeteren,Limburg
3910,NEERPELT,Limburg
3700,Neerrepen,Limburg
3370,Neervelp,Vlaams-Brabant
7784,Neerwaasten,Henegouwen
3400,Neerwinden,Vlaams-Brabant
9403,Neigem,Oost-Vlaanderen 
3700,Nerem,Limburg
4870,Nessonvaux,Luik
1390,Nethen,Waals-Brabant
5377,Nettinne,Namen
4721,Neu-Moresnet,Luik
4608,Neufchâteau,Luik
6840,NEUFCHÂTEAU,Luxemburg
7332,Neufmaison,Henegouwen
7063,Neufvilles,Henegouwen
5600,Neuville,Namen
4121,Neuville-En-Condroz,Luik
9850,NEVELE,Oost-Vlaanderen 
2845,NIEL,Antwerpen
3668,Niel-Bij-As,Limburg
3890,Niel-Bij-Sint-Truiden,Limburg
9506,Nieuwenhove,Oost-Vlaanderen 
1880,Nieuwenrode,Vlaams-Brabant
3850,NIEUWERKERKEN,Limburg
9320,Nieuwerkerken,Oost-Vlaanderen 
8600,Nieuwkapelle,West-Vlaanderen
8950,Nieuwkerke,West-Vlaanderen
9100,Nieuwkerken-Waas,Oost-Vlaanderen 
8377,Nieuwmunster,West-Vlaanderen
8620,NIEUWPOORT,West-Vlaanderen
3221,Nieuwrode,Vlaams-Brabant
2560,NIJLEN,Antwerpen
1457,Nil-Saint-Vincent-Saint-Martin,Waals-Brabant
7020,Nimy,Henegouwen
9400,NINOVE,Oost-Vlaanderen 
5670,Nismes,Namen
1400,NIVELLES,Waals-Brabant
5680,Niverlée,Namen
6640,Nives,Luxemburg
6717,Nobressart,Luxemburg
1320,Nodebais,Waals-Brabant
1350,Noduwez,Waals-Brabant
7080,Noirchain,Henegouwen
6831,Noirfontaine,Luxemburg
5377,Noiseux,Namen
9771,Nokere,Oost-Vlaanderen 
6851,Nollevaux,Luxemburg
2200,Noorderwijk,Antwerpen
8647,Noordschote,West-Vlaanderen
1930,Nossegem,Vlaams-Brabant
6717,Nothomb,Luxemburg
7022,Nouvelles,Henegouwen
4347,Noville,Luik
6600,Noville,Luxemburg
5380,Noville-Les-Bois,Namen
5310,Noville-Sur-Méhaigne,Namen
9681,Nukerke,Oost-Vlaanderen 
6230,Obaix,Henegouwen
7743,Obigies,Henegouwen
7034,Obourg,Henegouwen
6890,Ochamps,Luxemburg
4560,Ocquier,Luik
6960,Odeigne,Luxemburg
4367,Odeur,Luik
8730,Oedelem,West-Vlaanderen
8800,Oekene,West-Vlaanderen
2520,Oelegem,Antwerpen
8690,Oeren,West-Vlaanderen
8720,Oeselgem,West-Vlaanderen
1755,Oetingen,Vlaams-Brabant
7911,Oeudeghien,Henegouwen
2260,Oevel,Antwerpen
6850,Offagne,Luxemburg
1934,Office Exchange Brussels Airport Remailing,
7862,Ogy,Henegouwen
1380,Ohain,Waals-Brabant
5350,OHEY,Namen
5670,Oignies-En-Thiérache,Namen
1480,Oisquercq,Waals-Brabant
5555,Oizy,Namen
9400,Okegem,Oost-Vlaanderen 
2250,OLEN,Antwerpen
4300,Oleye,Luik
7866,Ollignies,Henegouwen
5670,Olloy-Sur-Viroin,Namen
2491,Olmen,Antwerpen
4877,OLNE,Luik
9870,Olsene,Oost-Vlaanderen 
4252,Omal,Luik
4540,Ombret,Luik
5600,Omezée,Namen
6900,On,Luxemburg
5520,ONHAYE,Namen
9500,Onkerzele,Oost-Vlaanderen 
7387,Onnezies,Henegouwen
5190,Onoz,Namen
1760,Onze-Lieve-Vrouw-Lombeek,Vlaams-Brabant
2861,Onze-Lieve-Vrouw-Waver,Antwerpen
8710,Ooigem,West-Vlaanderen
9700,Ooike,Oost-Vlaanderen 
9790,Ooike,Oost-Vlaanderen 
9520,Oombergen,Oost-Vlaanderen 
9620,Oombergen,Oost-Vlaanderen 
3300,Oorbeek,Vlaams-Brabant
9340,Oordegem,Oost-Vlaanderen 
9041,Oostakker,Oost-Vlaanderen 
8670,Oostduinkerke,West-Vlaanderen
9968,Oosteeklo,Oost-Vlaanderen 
8400,OOSTENDE,West-Vlaanderen
9860,OOSTERZELE,Oost-Vlaanderen 
3945,Oostham,Limburg
8020,OOSTKAMP,West-Vlaanderen
8340,Oostkerke,West-Vlaanderen
8600,Oostkerke,West-Vlaanderen
2390,Oostmalle,Antwerpen
8840,Oostnieuwkerke,West-Vlaanderen
8780,OOSTROZEBEKE,West-Vlaanderen
8640,Oostvleteren,West-Vlaanderen
9931,Oostwinkel,Oost-Vlaanderen 
9660,Opbrakel,Oost-Vlaanderen 
9255,Opdorp,Oost-Vlaanderen 
3660,OPGLABBEEK,Limburg
3630,Opgrimbie,Limburg
1421,Ophain-Bois-Seigneur-Isaac,Waals-Brabant
9500,Ophasselt,Oost-Vlaanderen 
3870,Opheers,Limburg
1357,Opheylissem,Waals-Brabant
3640,Ophoven,Limburg
3960,Opitter,Limburg
3300,Oplinter,Vlaams-Brabant
3680,Opoeteren,Limburg
6852,Opont,Luxemburg
1315,Opprebais,Waals-Brabant
2890,Oppuurs,Antwerpen
3360,Opvelp,Vlaams-Brabant
1745,OPWIJK,Vlaams-Brabant
1360,Orbais,Waals-Brabant
5550,Orchimont,Namen
7501,Orcq,Henegouwen
3800,Ordingen,Limburg
5640,Oret,Namen
4360,OREYE,Luik
6880,Orgeo,Luxemburg
7802,Ormeignies,Henegouwen
1350,Orp-Le-Grand,Waals-Brabant
7750,Orroir,Henegouwen
3350,Orsmaal-Gussenhoven,Vlaams-Brabant
6983,Ortho,Luxemburg
7804,Ostiches,Henegouwen
8553,Otegem,West-Vlaanderen
4210,Oteppe,Luik
4340,Othée,Luik
4360,Otrange,Luik
3040,Ottenburg,Vlaams-Brabant
9420,Ottergem,Oost-Vlaanderen 
1340,Ottignies,Waals-Brabant
3050,OUD-HEVERLEE,Vlaams-Brabant
2360,OUD-TURNHOUT,Antwerpen
9200,Oudegem,Oost-Vlaanderen 
8600,Oudekapelle,West-Vlaanderen
9700,OUDENAARDE,Oost-Vlaanderen 
1600,Oudenaken,Vlaams-Brabant
8460,OUDENBURG,West-Vlaanderen
1160,OUDERGEM,Brussel (19 gemeenten)
4590,OUFFET,Luik
4102,Ougrée,Luik
4680,OUPEYE,Luik
9406,Outer,Oost-Vlaanderen 
3321,Outgaarden,Vlaams-Brabant
4577,Outrelouxhe,Luik
8582,Outrijve,West-Vlaanderen
9750,Ouwegem,Oost-Vlaanderen 
9500,Overboelare,Oost-Vlaanderen 
3350,Overhespen,Vlaams-Brabant
3090,OVERIJSE,Vlaams-Brabant
9290,Overmere,Oost-Vlaanderen 
3900,OVERPELT,Limburg
3700,Overrepen,Limburg
3400,Overwinden,Vlaams-Brabant
3583,Paal,Limburg
4452,Paifve,Luik
4560,Pailhe,Luik
6850,PALISEUL,Luxemburg
1760,Pamel,Vlaams-Brabant
7861,Papignies,Henegouwen
9661,Parike,Oost-Vlaanderen 
1012,Parlement de la communauté française,
5012,Parlement Wallon,
8980,Passendale,West-Vlaanderen
5575,Patignies,Namen
7340,Paturages,Henegouwen
9630,Paulatem,Oost-Vlaanderen 
7740,PECQ,Henegouwen
3990,PEER,Limburg
7120,Peissant,Henegouwen
4287,Pellaines,Luik
3212,Pellenberg,Vlaams-Brabant
1670,PEPINGEN,Vlaams-Brabant
4860,PEPINSTER,Luik
1820,Perk,Vlaams-Brabant
7640,Péronnes-Lez-Antoing,Henegouwen
7134,Péronnes-Lez-Binche,Henegouwen
7600,PÉRUWELZ,Henegouwen
8600,Pervijze,West-Vlaanderen
1360,PERWEZ,Waals-Brabant
5352,Perwez-Haillot,Namen
5660,Pesche,Namen
5590,Pessoux,Namen
9800,Petegem-Aan-De-Leie,Oost-Vlaanderen 
9790,Petegem-Aan-De-Schelde,Oost-Vlaanderen 
5660,Petigny,Namen
5555,Petit-Fays,Namen
4280,Petit-Hallet,Luik
4800,Petit-Rechain,Luik
7090,Petit-Roeulx-Lez-Braine,Henegouwen
7181,Petit-Roeulx-Lez-Nivelles,Henegouwen
6692,Petit-Thier,Luxemburg
5660,Petite-Chapelle,Namen
1800,Peutie,Vlaams-Brabant
5600,PHILIPPEVILLE,Namen
7160,Piéton,Henegouwen
1370,Piétrain,Waals-Brabant
1315,Piètrebais,Waals-Brabant
7904,Pipaix,Henegouwen
3700,Piringen,Limburg
6240,Pironchamps,Henegouwen
8740,PITTEM,West-Vlaanderen
4122,Plainevaux,Luik
1380,Plancenoit,Waals-Brabant
7782,Ploegsteert,Henegouwen
2275,Poederlee,Antwerpen
9880,Poeke,Oost-Vlaanderen 
8920,Poelkapelle,West-Vlaanderen
9850,Poesele,Oost-Vlaanderen 
9401,Pollare,Oost-Vlaanderen 
4800,Polleur,Luik
4910,Polleur,Luik
8647,Pollinkhove,West-Vlaanderen
7322,Pommeroeul,Henegouwen
5574,Pondrôme,Namen
6230,PONT-À-CELLES,Henegouwen
6250,Pont-De-Loup,Henegouwen
5380,Pontillas,Namen
8970,POPERINGE,West-Vlaanderen
2382,Poppel,Antwerpen
7760,Popuelles,Henegouwen
5370,Porcheresse,Namen
6929,Porcheresse,Luxemburg
1100,Postcheque,
7760,Pottes,Henegouwen
4280,Poucet,Luik
4171,Poulseur,Luik
6830,Poupehan,Luxemburg
4350,Pousset,Luik
5660,Presgaux,Namen
6250,Presles,Henegouwen
5170,PROFONDEVILLE,Namen
1414,Promo-Control,
8972,Proven,West-Vlaanderen
5650,Pry,Namen
2242,Pulderbos,Antwerpen
2243,Pulle,Antwerpen
5530,Purnode,Namen
5550,Pussemange,Namen
2580,PUTTE,Antwerpen
2870,PUURS,Antwerpen
7390,QUAREGNON,Henegouwen
7540,Quartes,Henegouwen
1430,Quenast,Waals-Brabant
4610,Queue-Du-Bois,Luik
7972,Quevaucamps,Henegouwen
7040,Quévy-Le-Grand,Henegouwen
7040,Quévy-Le-Petit,Henegouwen
7380,QUIÉVRAIN,Henegouwen
1006,Raad van de Vlaamse Gemeenschapscommissie,
6792,Rachecourt,Luxemburg
4287,Racour,Luik
4730,RAEREN,Luik
6532,Ragnies,Henegouwen
4987,Rahier,Luik
7971,Ramegnies,Henegouwen
7520,Ramegnies-Chin,Henegouwen
4557,Ramelot,Luik
1367,RAMILLIES,Waals-Brabant
1880,Ramsdonk,Vlaams-Brabant
2230,Ramsel,Antwerpen
8301,Ramskapelle,West-Vlaanderen
8620,Ramskapelle,West-Vlaanderen
6470,Rance,Henegouwen
6043,Ransart,Henegouwen
3470,Ransberg,Vlaams-Brabant
2520,RANST,Antwerpen
2380,RAVELS,Antwerpen
7804,Rebaix,Henegouwen
1430,Rebecq-Rognon,Waals-Brabant
4780,Recht,Luik
6800,Recogne,Luxemburg
6890,Redu,Luxemburg
2840,Reet,Antwerpen
3621,Rekem,Limburg
8930,Rekkem,West-Vlaanderen
1731,Relegem,Vlaams-Brabant
6800,Remagne,Luxemburg
3791,Remersdaal,Limburg
4350,REMICOURT,Luik
6987,RENDEUX,Luxemburg
8647,Reninge,West-Vlaanderen
8970,Reningelst,West-Vlaanderen
6500,Renlies,Henegouwen
3950,Reppel,Limburg
7134,Ressaix,Henegouwen
9551,Ressegem,Oost-Vlaanderen 
6927,Resteigne,Luxemburg
2470,RETIE,Antwerpen
4621,Retinne,Luik
4790,Reuland,Luik
6210,Rèves,Henegouwen
5080,Rhisnes,Namen
4600,Richelle,Luik
3770,RIEMST,Limburg
5575,Rienne,Namen
6464,Rièzes,Henegouwen
3840,Rijkel,Limburg
2310,RIJKEVORSEL,Antwerpen
3740,Rijkhoven,Limburg
2820,Rijmenam,Antwerpen
3700,Riksingen,Limburg
3202,Rillaar,Vlaams-Brabant
5170,Rivière,Namen
1330,RIXENSART,Waals-Brabant
6460,Robechies,Henegouwen
6769,Robelmont,Luxemburg
4950,Robertville,Luik
9630,Roborst,Oost-Vlaanderen 
5580,ROCHEFORT,Namen
6830,Rochehaut,Luxemburg
4761,Rocherath,Luik
4690,Roclenge-Sur-Geer,Luik
4000,Rocourt,Luik
8972,Roesbrugge-Haringe,West-Vlaanderen
8800,ROESELARE,West-Vlaanderen
5651,Rognée,Namen
7387,Roisin,Henegouwen
8460,Roksem,West-Vlaanderen
8510,Rollegem,West-Vlaanderen
8880,Rollegem-Kapelle,West-Vlaanderen
4347,Roloux,Luik
5600,Roly,Namen
5600,Romedenne,Namen
5680,Romerée,Namen
3730,Romershoven,Limburg
4624,Romsée,Luik
7623,Rongy,Henegouwen
7090,Ronquières,Henegouwen
9600,RONSE,Oost-Vlaanderen 
9932,Ronsele,Oost-Vlaanderen 
3370,Roosbeek,Vlaams-Brabant
1760,ROOSDAAL,Vlaams-Brabant
5620,Rosée,Namen
6250,Roselies,Henegouwen
1331,Rosières,Waals-Brabant
3740,Rosmeer,Limburg
4257,Rosoux-Crenwick,Luik
6730,Rossignol,Luxemburg
3650,Rotem,Limburg
4120,Rotheux-Rimière,Luik
3110,ROTSELAAR,Vlaams-Brabant
7601,Roucourt,Henegouwen
7120,Rouveroy,Henegouwen
4140,Rouvreux,Luik
6044,Roux,Henegouwen
1315,Roux-Miroir,Waals-Brabant
6900,Roy,Luxemburg
9630,Rozebeke,Oost-Vlaanderen 
1044,RTBF,
1033,RTL-TVI,
1201,RTL-TVI -- obsolete - use 1033 instead,
8020,Ruddervoorde,West-Vlaanderen
6760,Ruette,Luxemburg
9690,Ruien,Oost-Vlaanderen 
1601,Ruisbroek,Vlaams-Brabant
2870,Ruisbroek,Antwerpen
8755,RUISELEDE,West-Vlaanderen
3870,Rukkelingen-Loon,Limburg
6724,Rulles,Luxemburg
8800,Rumbeke,West-Vlaanderen
7610,RUMES,Henegouwen
7540,Rumillies,Henegouwen
3454,Rummen,Vlaams-Brabant
3400,Rumsdorp,Vlaams-Brabant
2840,RUMST,Antwerpen
3803,Runkelen,Limburg
9150,Rupelmonde,Oost-Vlaanderen 
7750,Russeignies,Henegouwen
3700,Rutten,Limburg
3798,S Gravenvoeren,Limburg
5010,SA SUDPRESSE,
6221,Saint-Amand,Henegouwen
4606,Saint-André,Luik
5620,Saint-Aubin,Namen
7034,Saint-Denis,Henegouwen
5081,Saint-Denis-Bovesse,Namen
4470,SAINT-GEORGES-SUR-MEUSE,Luik
5640,Saint-Gérard,Namen
5310,Saint-Germain,Namen
1450,Saint-Géry,Waals-Brabant
7330,SAINT-GHISLAIN,Henegouwen
6870,SAINT-HUBERT,Luxemburg
1370,Saint-Jean-Geest,Waals-Brabant
6747,SAINT-LÉGER,Luxemburg
7730,Saint-Léger,Henegouwen
5003,Saint-Marc,Namen
6762,Saint-Mard,Luxemburg
5190,Saint-Martin,Namen
7500,Saint-Maur,Henegouwen
6887,Saint-Médard,Luxemburg
4420,SAINT-NICOLAS,Luik
6800,Saint-Pierre,Luxemburg
4672,Saint-Remy,Luik
6460,Saint-Remy,Henegouwen
1370,Saint-Remy-Geest,Waals-Brabant
7912,Saint-Sauveur,Henegouwen
5002,Saint-Servais,Namen
4550,Saint-Séverin,Luik
7030,Saint-Symphorien,Henegouwen
7100,Saint-Vaast,Henegouwen
6730,Saint-Vincent,Luxemburg
4780,SAINT-VITH,Luik
6820,Sainte-Cécile,Luxemburg
6800,Sainte-Marie-Chevigny,Luxemburg
6740,Sainte-Marie-Sur-Semois,Luxemburg
1480,Saintes,Waals-Brabant
4671,Saive,Luik
6460,Salles,Henegouwen
5600,Samart,Namen
6982,Samrée,Luxemburg
7080,Sars-La-Bruyère,Henegouwen
6542,Sars-La-Buissière,Henegouwen
5330,Sart-Bernard,Namen
5575,Sart-Custinne,Namen
1495,Sart-Dames-Avelines,Waals-Brabant
5600,Sart-En-Fagne,Namen
5070,Sart-Eustache,Namen
4845,Sart-Lez-Spa,Luik
5070,Sart-Saint-Laurent,Namen
6470,Sautin,Henegouwen
5600,Sautour,Namen
5030,Sauvenière,Namen
1101,Scanning,
1030,SCHAARBEEK,Brussel (19 gemeenten)
3290,Schaffen,Vlaams-Brabant
3732,Schalkhoven,Limburg
5364,Schaltin,Namen
9820,Schelderode,Oost-Vlaanderen 
9860,Scheldewindeke,Oost-Vlaanderen 
2627,SCHELLE,Antwerpen
9260,Schellebelle,Oost-Vlaanderen 
9506,Schendelbeke,Oost-Vlaanderen 
1703,Schepdaal,Vlaams-Brabant
3270,Scherpenheuvel,Vlaams-Brabant
2970,SCHILDE,Antwerpen
4782,Schoenberg,Luik
9200,Schoonaarde,Oost-Vlaanderen 
8433,Schore,West-Vlaanderen
9688,Schorisse,Oost-Vlaanderen 
2900,SCHOTEN,Antwerpen
2223,Schriek,Antwerpen
8700,Schuiferskapelle,West-Vlaanderen
3540,Schulen,Limburg
5300,Sclayn,Namen
5361,Scy,Namen
5300,Seilles,Namen
6781,Sélange,Luxemburg
6596,Seloignes,Henegouwen
9890,Semmerzake,Oost-Vlaanderen 
7180,SENEFFE,Henegouwen
6832,Sensenruth,Luxemburg
4557,Seny,Luik
5630,Senzeille,Namen
6940,Septon,Luxemburg
4100,SERAING,Luik
4537,Seraing-Le-Château,Luik
5590,Serinchamps,Namen
9260,Serskamp,Oost-Vlaanderen 
5521,Serville,Namen
7010,SHAPE,
6640,Sibret,Luxemburg
6750,Signeulx,Luxemburg
8340,Sijsele,West-Vlaanderen
5630,Silenrieux,Namen
7830,SILLY,Henegouwen
9112,Sinaai-Waas,Oost-Vlaanderen 
5377,Sinsin,Namen
1082,SINT-AGATHA-BERCHEM,Brussel (19 gemeenten)
3040,Sint-Agatha-Rode,Vlaams-Brabant
2890,SINT-AMANDS,Antwerpen
9040,Sint-Amandsberg,Oost-Vlaanderen 
8200,Sint-Andries,West-Vlaanderen
9550,Sint-Antelinks,Oost-Vlaanderen 
8710,Sint-Baafs-Vijve,West-Vlaanderen
9630,Sint-Blasius-Boekel,Oost-Vlaanderen 
8554,Sint-Denijs,West-Vlaanderen
9630,Sint-Denijs-Boekel,Oost-Vlaanderen 
9051,Sint-Denijs-Westrem,Oost-Vlaanderen 
8793,Sint-Eloois-Vijve,West-Vlaanderen
8880,Sint-Eloois-Winkel,West-Vlaanderen
1640,SINT-GENESIUS-RODE,Vlaams-Brabant
1060,SINT-GILLIS,Brussel (19 gemeenten)
9200,Sint-Gillis-Dendermonde,Oost-Vlaanderen 
9170,SINT-GILLIS-WAAS,Oost-Vlaanderen 
9620,Sint-Goriks-Oudenhove,Oost-Vlaanderen 
3730,Sint-Huibrechts-Hern,Limburg
3910,Sint-Huibrechts-Lille,Limburg
8600,Sint-Jacobs-Kapelle,West-Vlaanderen
8900,Sint-Jan,West-Vlaanderen
9982,Sint-Jan-In-Eremo,Oost-Vlaanderen 
1080,SINT-JANS-MOLENBEEK,Brussel (19 gemeenten)
2960,Sint-Job-In-'T-Goor,Antwerpen
1210,SINT-JOOST-TEN-NOODE,Brussel (19 gemeenten)
8620,Sint-Joris,West-Vlaanderen
8730,Sint-Joris,West-Vlaanderen
3051,Sint-Joris-Weert,Vlaams-Brabant
3390,Sint-Joris-Winge,Vlaams-Brabant
2860,SINT-KATELIJNE-WAVER,Antwerpen
1742,Sint-Katherina-Lombeek,Vlaams-Brabant
9667,Sint-Kornelis-Horebeke,Oost-Vlaanderen 
8310,Sint-Kruis,West-Vlaanderen
9042,Sint-Kruis-Winkel,Oost-Vlaanderen 
1750,Sint-Kwintens-Lennik,Vlaams-Brabant
3500,Sint-Lambrechts-Herk,Limburg
1200,SINT-LAMBRECHTS-WOLUWE,Brussel (19 gemeenten)
9980,SINT-LAUREINS,Oost-Vlaanderen 
1600,Sint-Laureins-Berchem,Vlaams-Brabant
2960,Sint-Lenaarts,Antwerpen
9550,Sint-Lievens-Esse,Oost-Vlaanderen 
9520,SINT-LIEVENS-HOUTEM,Oost-Vlaanderen 
9981,Sint-Margriete,Oost-Vlaanderen 
3300,Sint-Margriete-Houtem,Vlaams-Brabant
3470,Sint-Margriete-Houtem,Vlaams-Brabant
9667,Sint-Maria-Horebeke,Oost-Vlaanderen 
9630,Sint-Maria-Latem,Oost-Vlaanderen 
9570,Sint-Maria-Lierde,Oost-Vlaanderen 
9620,Sint-Maria-Oudenhove,Oost-Vlaanderen 
9660,Sint-Maria-Oudenhove,Oost-Vlaanderen 
1700,Sint-Martens-Bodegem,Vlaams-Brabant
9830,SINT-MARTENS-LATEM,Oost-Vlaanderen 
9800,Sint-Martens-Leerne,Oost-Vlaanderen 
1750,Sint-Martens-Lennik,Vlaams-Brabant
9572,Sint-Martens-Lierde,Oost-Vlaanderen 
3790,Sint-Martens-Voeren,Limburg
8200,Sint-Michiels,West-Vlaanderen
9100,SINT-NIKLAAS,Oost-Vlaanderen 
9170,Sint-Pauwels,Oost-Vlaanderen 
1541,Sint-Pieters-Kapelle,Vlaams-Brabant
8433,Sint-Pieters-Kapelle,West-Vlaanderen
1600,SINT-PIETERS-LEEUW,Vlaams-Brabant
3220,Sint-Pieters-Rode,Vlaams-Brabant
3792,Sint-Pieters-Voeren,Limburg
1150,SINT-PIETERS-WOLUWE,Brussel (19 gemeenten)
8690,Sint-Rijkers,West-Vlaanderen
1932,Sint-Stevens-Woluwe,Vlaams-Brabant
3800,SINT-TRUIDEN,Limburg
1700,Sint-Ulriks-Kapelle,Vlaams-Brabant
0612,Sinterklaas,
4851,Sippenaeken,Luik
7332,Sirault,Henegouwen
6470,Sivry,Henegouwen
9940,Sleidinge,Oost-Vlaanderen 
8433,Slijpe,West-Vlaanderen
4450,Slins,Luik
3700,Sluizen,Limburg
9506,Smeerebbe-Vloerzegem,Oost-Vlaanderen 
9340,Smetlede,Oost-Vlaanderen 
6890,Smuid,Luxemburg
8470,Snaaskerke,West-Vlaanderen
8490,Snellegem,West-Vlaanderen
1105,SOC,
4557,Soheit-Tinlot,Luik
6920,Sohier,Luxemburg
7060,SOIGNIES,Henegouwen
4861,Soiron,Luik
6500,Solre-Saint-Géry,Henegouwen
6560,Solre-Sur-Sambre,Henegouwen
5140,SOMBREFFE,Namen
5377,SOMME-LEUZE,Namen
6769,Sommethonne,Luxemburg
5523,Sommière,Namen
5651,Somzée,Namen
5340,Sorée,Namen
5333,Sorinne-La-Longue,Namen
5503,Sorinnes,Namen
5537,Sosoye,Namen
4920,Sougné-Remouchamps,Luik
5680,Soulme,Namen
4630,SOUMAGNE,Luik
5630,Soumoy,Namen
4950,Sourbrodt,Luik
6182,Souvret,Henegouwen
5590,Sovet,Namen
6997,Soy,Luxemburg
5150,Soye,Namen
4900,SPA,Luik
3510,Spalbeek,Limburg
7032,Spiennes,Henegouwen
8587,Spiere,West-Vlaanderen
5530,Spontin,Namen
4140,SPRIMONT,Luik
5190,Spy,Namen
2940,STABROEK,Antwerpen
8840,STADEN,West-Vlaanderen
8490,Stalhille,West-Vlaanderen
7973,Stambruges,Henegouwen
5646,Stave,Namen
8691,Stavele,West-Vlaanderen
4970,STAVELOT,Luik
9140,Steendorp,Oost-Vlaanderen 
1840,Steenhuffel,Vlaams-Brabant
9550,Steenhuize-Wijnhuize,Oost-Vlaanderen 
8630,Steenkerke,West-Vlaanderen
7090,Steenkerque,Henegouwen
1820,STEENOKKERZEEL,Vlaams-Brabant
9190,STEKENE,Oost-Vlaanderen 
4801,Stembert,Luik
8400,Stene,West-Vlaanderen
1933,Sterrebeek,Vlaams-Brabant
3512,Stevoort,Limburg
3650,Stokkem,Limburg
3511,Stokrooie,Limburg
4987,STOUMONT,Luik
6887,Straimont,Luxemburg
6511,Strée,Henegouwen
4577,Strée-Lez-Huy,Luik
7110,Strépy-Bracquegnies,Henegouwen
9620,Strijpen,Oost-Vlaanderen 
1760,Strijtem,Vlaams-Brabant
1853,Strombeek-Bever,Vlaams-Brabant
8600,Stuivekenskerke,West-Vlaanderen
5020,Suarlée,Namen
5550,Sugny,Namen
5600,Surice,Namen
6812,Suxy,Luxemburg
6661,Tailles,Luxemburg
7618,Taintignies,Henegouwen
5060,Tamines,Namen
5651,Tarcienne,Namen
4163,Tavier,Luik
5310,Taviers,Namen
6662,Tavigny,Luxemburg
6927,TELLIN,Luxemburg
7520,Templeuve,Henegouwen
5020,Temploux,Namen
9140,TEMSE,Oost-Vlaanderen 
6970,TENNEVILLE,Luxemburg
1790,Teralfene,Vlaams-Brabant
2840,Terhagen,Antwerpen
6813,Termes,Luxemburg
1740,TERNAT,Vlaams-Brabant
7333,Tertre,Henegouwen
3080,TERVUREN,Vlaams-Brabant
4560,Terwagne,Luik
3980,TESSENDERLO,Limburg
3272,Testelt,Vlaams-Brabant
3793,Teuven,Limburg
4910,THEUX,Luik
6717,Thiaumont,Luxemburg
7070,Thieu,Henegouwen
7901,Thieulain,Henegouwen
7061,Thieusies,Henegouwen
6230,Thiméon,Henegouwen
4890,Thimister,Luik
7533,Thimougies,Henegouwen
1402,Thines,Waals-Brabant
6500,Thirimont,Henegouwen
4280,Thisnes,Luik
4791,Thommen,Luik
5300,Thon,Namen
1360,Thorembais-Les-Béguines,Waals-Brabant
1360,Thorembais-Saint-Trond,Waals-Brabant
7830,Thoricourt,Henegouwen
6536,Thuillies,Henegouwen
6530,THUIN,Henegouwen
7350,Thulin,Henegouwen
7971,Thumaide,Henegouwen
5621,Thy-Le-Baudouin,Namen
5651,Thy-Le-Château,Namen
5502,Thynes,Namen
4367,Thys,Luik
8573,Tiegem,West-Vlaanderen
2460,Tielen,Antwerpen
9140,Tielrode,Oost-Vlaanderen 
3390,Tielt,Vlaams-Brabant
8700,TIELT,West-Vlaanderen
3300,TIENEN,Vlaams-Brabant
4630,Tignée,Luik
4500,Tihange,Luik
3150,Tildonk,Vlaams-Brabant
4130,Tilff,Luik
6680,Tillet,Luxemburg
4420,Tilleur,Luik
5380,Tillier,Namen
1495,Tilly,Waals-Brabant
4557,TINLOT,Luik
6637,Tintange,Luxemburg
6730,TINTIGNY,Luxemburg
2830,Tisselt,Antwerpen
6700,Toernich,Luxemburg
6941,Tohogne,Luxemburg
1570,Tollembeek,Vlaams-Brabant
3700,TONGEREN,Limburg
2260,Tongerlo,Antwerpen
3960,Tongerlo,Limburg
7951,Tongre-Notre-Dame,Henegouwen
7950,Tongre-Saint-Martin,Henegouwen
5140,Tongrinne,Namen
6717,Tontelange,Luxemburg
6767,Torgny,Luxemburg
8820,TORHOUT,West-Vlaanderen
4263,Tourinne,Luik
1320,Tourinnes-La-Grosse,Waals-Brabant
1457,Tourinnes-Saint-Lambert,Waals-Brabant
7500,TOURNAI,Henegouwen
6840,Tournay,Luxemburg
7904,Tourpes,Henegouwen
6890,Transinne,Luxemburg
6183,Trazegnies,Henegouwen
5670,Treignes,Namen
4670,Trembleur,Luik
3120,TREMELO,Vlaams-Brabant
7100,Trivières,Henegouwen
4280,Trognée,Luik
4980,TROIS-PONTS,Luik
1480,TUBIZE,Waals-Brabant
2300,TURNHOUT,Antwerpen
6833,Ucimont,Luxemburg
3631,Uikhoven,Limburg
9290,Uitbergen,Oost-Vlaanderen 
8370,Uitkerke,West-Vlaanderen
1180,UKKEL,Brussel (19 gemeenten)
3832,Ulbeek,Limburg
5310,Upigny,Namen
9910,Ursel,Oost-Vlaanderen 
3054,Vaalbeek,Vlaams-Brabant
3770,Val-Meer,Limburg
6741,Vance,Luxemburg
2431,Varendonk,Antwerpen
8490,Varsenare,West-Vlaanderen
5680,Vaucelles,Namen
7536,Vaulx,Henegouwen
6462,Vaulx-Lez-Chimay,Henegouwen
6960,Vaux-Chavanne,Luxemburg
4530,Vaux-Et-Borset,Luik
6640,Vaux-Lez-Rosières,Luxemburg
4051,Vaux-Sous-Chèvremont,Luik
6640,VAUX-SUR-SÛRE,Luxemburg
3870,Vechmaal,Limburg
5020,Vedrin,Namen
2431,Veerle,Antwerpen
5060,Velaine-Sur-Sambre,Namen
7760,Velaines,Henegouwen
8210,Veldegem,West-Vlaanderen
3620,Veldwezelt,Limburg
7120,Vellereille-Le-Sec,Henegouwen
7120,Vellereille-Les-Brayeux,Henegouwen
3806,Velm,Limburg
4460,Velroux,Luik
3020,Veltem-Beisem,Vlaams-Brabant
9620,Velzeke-Ruddershove,Oost-Vlaanderen 
5575,Vencimont,Namen
1005,Verenigde Vergadering van de Gemeenschappelijke ,
6440,Vergnies,Henegouwen
4537,VERLAINE,Luik
5370,Verlée,Namen
9130,Verrebroek,Oost-Vlaanderen 
3370,Vertrijk,Vlaams-Brabant
4800,VERVIERS,Luik
6870,Vesqueville,Luxemburg
3870,Veulen,Limburg
8630,VEURNE,West-Vlaanderen
5300,Vezin,Namen
7538,Vezon,Henegouwen
9500,Viane,Oost-Vlaanderen 
8570,Vichte,West-Vlaanderen
6690,VIELSALM,Luxemburg
4317,Viemme,Luik
2240,Viersel,Antwerpen
4577,Vierset-Barse,Luik
5670,Vierves-Sur-Viroin,Namen
6230,Viesville,Henegouwen
1472,Vieux-Genappe,Waals-Brabant
4530,Vieux-Waleffe,Luik
4190,Vieuxville,Luik
6890,Villance,Luxemburg
4260,Ville-En-Hesbaye,Luik
7322,Ville-Pommeroeul,Henegouwen
7070,Ville-Sur-Haine,Henegouwen
7334,Villerot,Henegouwen
4161,Villers-Aux-Tours,Luik
5630,Villers-Deux-Eglises,Namen
6823,Villers-Devant-Orval,Luxemburg
5600,Villers-En-Fagne,Namen
4340,Villers-L'Evêque,Luik
6600,Villers-La-Bonne-Eau,Luxemburg
6769,Villers-La-Loue,Luxemburg
6460,Villers-La-Tour,Henegouwen
1495,VILLERS-LA-VILLE,Waals-Brabant
4530,VILLERS-LE-BOUILLET,Luik
5600,Villers-Le-Gambon,Namen
4280,Villers-Le-Peuplier,Luik
4550,Villers-Le-Temple,Luik
5080,Villers-Lez-Heest,Namen
7812,Villers-Notre-Dame,Henegouwen
6210,Villers-Perwin,Henegouwen
6280,Villers-Poterie,Henegouwen
7812,Villers-Saint-Amand,Henegouwen
7031,Villers-Saint-Ghislain,Henegouwen
4453,Villers-Saint-Siméon,Luik
6941,Villers-Sainte-Gertrude,Luxemburg
5580,Villers-Sur-Lesse,Namen
6740,Villers-Sur-Semois,Luxemburg
1800,VILVOORDE,Vlaams-Brabant
4520,Vinalmont,Luik
9921,Vinderhoute,Oost-Vlaanderen 
8630,Vinkem,West-Vlaanderen
9800,Vinkt,Oost-Vlaanderen 
6461,Virelles,Henegouwen
1460,Virginal-Samme,Waals-Brabant
6760,VIRTON,Luxemburg
4600,VISÉ,Luik
3300,Vissenaken,Vlaams-Brabant
7511,VITRINE MAGIQUE,
5070,Vitrival,Namen
4683,Vivegnis,Luik
6833,Vivy,Luxemburg
1011,Vlaams Parlement,
8600,Vladslo,West-Vlaanderen
8908,Vlamertinge,West-Vlaanderen
9420,Vlekkem,Oost-Vlaanderen 
1602,Vlezenbeek,Vlaams-Brabant
3724,Vliermaal,Limburg
3721,Vliermaalroot,Limburg
9520,Vlierzele,Oost-Vlaanderen 
3770,Vlijtingen,Limburg
2340,Vlimmeren,Antwerpen
8421,Vlissegem,West-Vlaanderen
7880,VLOESBERG,Henegouwen
5600,Vodecée,Namen
5680,Vodelée,Namen
5650,Vogenée,Namen
9700,Volkegem,Oost-Vlaanderen 
1570,Vollezele,Vlaams-Brabant
5570,Vonêche,Namen
9400,Voorde,Oost-Vlaanderen 
8902,Voormezele,West-Vlaanderen
3840,Voort,Limburg
4347,Voroux-Goreux,Luik
4451,Voroux-Lez-Liers,Luik
2290,VORSELAAR,Antwerpen
3890,Vorsen,Limburg
1190,VORST,Brussel (19 gemeenten)
2430,Vorst,Antwerpen
2350,VOSSELAAR,Antwerpen
9850,Vosselare,Oost-Vlaanderen 
3080,Vossem,Vlaams-Brabant
4041,Vottem,Luik
9120,Vrasene,Oost-Vlaanderen 
2531,Vremde,Antwerpen
3700,Vreren,Limburg
5550,VRESSE-SUR-SEMOIS,Namen
3770,Vroenhoven,Limburg
1043,VRT,
1818,VTM,
3630,Vucht,Limburg
9890,Vurste,Oost-Vlaanderen 
4570,Vyle-Et-Tharoul,Luik
3473,Waanrode,Vlaams-Brabant
9506,Waarbeke,Oost-Vlaanderen 
8020,Waardamme,West-Vlaanderen
2550,Waarloos,Antwerpen
8581,Waarmaarde,West-Vlaanderen
9950,WAARSCHOOT,Oost-Vlaanderen 
3401,Waasmont,Vlaams-Brabant
9250,WAASMUNSTER,Oost-Vlaanderen 
7784,Waasten,Henegouwen
9185,WACHTEBEKE,Oost-Vlaanderen 
7971,Wadelincourt,Henegouwen
6223,Wagnelée,Henegouwen
6900,Waha,Luxemburg
5377,Waillet,Namen
4950,WAIMES,Luik
8720,Wakken,West-Vlaanderen
5650,WALCOURT,Namen
2800,Walem,Antwerpen
1457,Walhain-Saint-Paul,Waals-Brabant
4711,Walhorn,Luik
3401,Walsbets,Vlaams-Brabant
3401,Walshoutem,Vlaams-Brabant
3740,Waltwilder,Limburg
1741,Wambeek,Vlaams-Brabant
5570,Wancennes,Namen
4020,Wandre,Luik
6224,Wanfercée-Baulet,Henegouwen
3400,Wange,Vlaams-Brabant
6220,Wangenies,Henegouwen
5564,Wanlin,Namen
4980,Wanne,Luik
7861,Wannebecq,Henegouwen
9772,Wannegem-Lede,Oost-Vlaanderen 
4280,Wansin,Luik
4520,WANZE,Luik
9340,Wanzele,Oost-Vlaanderen 
7548,Warchin,Henegouwen
7740,Warcoing,Henegouwen
6600,Wardin,Luxemburg
8790,WAREGEM,West-Vlaanderen
4300,WAREMME,Luik
4217,Waret-L'Evêque,Luik
5310,Waret-La-Chaussée,Namen
5080,Warisoulx,Namen
5537,Warnant,Namen
4530,Warnant-Dreye,Luik
7340,Warquignies,Henegouwen
4608,Warsage,Luik
4590,Warzée,Luik
7340,Wasmes,Henegouwen
7604,Wasmes-Audemez-Briffoeil,Henegouwen
7390,Wasmuel,Henegouwen
4219,WASSEIGES,Luik
9988,Waterland-Oudeman,Oost-Vlaanderen 
1410,WATERLOO,Waals-Brabant
1170,WATERMAAL-BOSVOORDE,Brussel (19 gemeenten)
9988,Watervliet,Oost-Vlaanderen 
8978,Watou,West-Vlaanderen
7910,Wattripont,Henegouwen
7131,Waudrez,Henegouwen
5540,Waulsort,Namen
1440,Wauthier-Braine,Waals-Brabant
1300,WAVRE,Waals-Brabant
5580,Wavreille,Namen
6210,Wayaux,Henegouwen
1474,Ways,Waals-Brabant
3290,Webbekom,Vlaams-Brabant
2275,Wechelderzande,Antwerpen
2381,Weelde,Antwerpen
1982,Weerde,Vlaams-Brabant
2880,Weert,Antwerpen
4860,Wegnez,Luik
5523,Weillen,Namen
9700,Welden,Oost-Vlaanderen 
4840,WELKENRAEDT,Luik
9473,Welle,Oost-Vlaanderen 
3830,WELLEN,Limburg
6920,WELLIN,Luxemburg
1780,WEMMEL,Vlaams-Brabant
8420,Wenduine,West-Vlaanderen
5100,Wépion,Namen
4190,Werbomont,Luik
3118,Werchter,Vlaams-Brabant
6940,Wéris,Luxemburg
8610,Werken,West-Vlaanderen
3730,Werm,Limburg
8940,WERVIK,West-Vlaanderen
3150,Wespelaar,Vlaams-Brabant
8434,Westende,West-Vlaanderen
2260,WESTERLO,Antwerpen
8300,Westkapelle,West-Vlaanderen
8460,Westkerke,West-Vlaanderen
2390,Westmalle,Antwerpen
2235,Westmeerbeek,Antwerpen
8954,Westouter,West-Vlaanderen
9230,Westrem,Oost-Vlaanderen 
8840,Westrozebeke,West-Vlaanderen
8640,Westvleteren,West-Vlaanderen
9230,WETTEREN,Oost-Vlaanderen 
8560,WEVELGEM,West-Vlaanderen
7620,Wez-Velvain,Henegouwen
3111,Wezemaal,Vlaams-Brabant
1970,WEZEMBEEK-OPPEM,Vlaams-Brabant
3401,Wezeren,Vlaams-Brabant
6666,Wibrin,Luxemburg
9260,WICHELEN,Oost-Vlaanderen 
3700,Widooie,Limburg
2222,Wiekevorst,Antwerpen
8710,WIELSBEKE,West-Vlaanderen
5100,Wierde,Namen
7608,Wiers,Henegouwen
5571,Wiesme,Namen
9280,Wieze,Oost-Vlaanderen 
7370,Wihéries,Henegouwen
4452,Wihogne,Luik
3990,Wijchmaal,Limburg
3850,Wijer,Limburg
3018,Wijgmaal,Vlaams-Brabant
2110,WIJNEGEM,Antwerpen
3670,Wijshagen,Limburg
8953,Wijtschate,West-Vlaanderen
3803,Wilderen,Limburg
7904,Willaupuis,Henegouwen
3370,Willebringen,Vlaams-Brabant
2830,WILLEBROEK,Antwerpen
7506,Willemeau,Henegouwen
5575,Willerzie,Namen
2610,Wilrijk,Antwerpen
3012,Wilsele,Vlaams-Brabant
8431,Wilskerke,West-Vlaanderen
3501,Wimmertingen,Limburg
5570,Winenne,Namen
8750,WINGENE,West-Vlaanderen
3020,Winksele,Vlaams-Brabant
3722,Wintershoven,Limburg
6860,Witry,Luxemburg
7890,Wodecq,Henegouwen
8640,Woesten,West-Vlaanderen
6780,Wolkrange,Luxemburg
1861,Wolvertem,Vlaams-Brabant
2160,WOMMELGEM,Antwerpen
3350,Wommersom,Vlaams-Brabant
4690,Wonck,Luik
9032,Wondelgem,Oost-Vlaanderen 
9800,Wontergem,Oost-Vlaanderen 
9790,Wortegem,Oost-Vlaanderen 
2323,Wortel,Antwerpen
9550,Woubrechtegem,Oost-Vlaanderen 
8600,Woumen,West-Vlaanderen
8670,Wulpen,West-Vlaanderen
8952,Wulvergem,West-Vlaanderen
8630,Wulveringem,West-Vlaanderen
2990,WUUSTWEZEL,Antwerpen
4652,Xhendelesse,Luik
4432,Xhendremael,Luik
4190,Xhoris,Luik
4550,Yernée-Fraineux,Luik
7512,YVES ROCHER,
7513,YVES ROCHER,
5650,Yves-Gomezée,Namen
5530,YVOIR,Namen
9080,Zaffelare,Oost-Vlaanderen 
9506,Zandbergen,Oost-Vlaanderen 
8680,Zande,West-Vlaanderen
2240,ZANDHOVEN,Antwerpen
2040,Zandvliet,Antwerpen
8400,Zandvoorde,West-Vlaanderen
8980,Zandvoorde,West-Vlaanderen
9500,Zarlardinge,Oost-Vlaanderen 
8610,Zarren,West-Vlaanderen
1930,ZAVENTEM,Vlaams-Brabant
8210,ZEDELGEM,West-Vlaanderen
8380,Zeebrugge,West-Vlaanderen
9660,Zegelsem,Oost-Vlaanderen 
9240,ZELE,Oost-Vlaanderen 
3545,Zelem,Limburg
1731,Zellik,Vlaams-Brabant
9060,ZELZATE,Oost-Vlaanderen 
1980,ZEMST,Vlaams-Brabant
3800,Zepperen,Limburg
8490,Zerkegem,West-Vlaanderen
1370,Zétrud-Lumay,Waals-Brabant
8470,Zevekote,West-Vlaanderen
9080,Zeveneken,Oost-Vlaanderen 
9800,Zeveren,Oost-Vlaanderen 
9840,Zevergem,Oost-Vlaanderen 
3271,Zichem,Vlaams-Brabant
3770,Zichen-Zussen-Bolder,Limburg
8902,Zillebeke,West-Vlaanderen
9750,ZINGEM,Oost-Vlaanderen 
2260,Zoerle-Parwijs,Antwerpen
2980,ZOERSEL,Antwerpen
3550,Zolder,Limburg
9930,ZOMERGEM,Oost-Vlaanderen 
3520,ZONHOVEN,Limburg
8980,ZONNEBEKE,West-Vlaanderen
9520,Zonnegem,Oost-Vlaanderen 
9620,ZOTTEGEM,Oost-Vlaanderen 
8630,Zoutenaaie,West-Vlaanderen
3440,ZOUTLEEUW,Vlaams-Brabant
8904,Zuidschote,West-Vlaanderen
8377,ZUIENKERKE,West-Vlaanderen
9870,ZULTE,Oost-Vlaanderen 
9690,Zulzeke,Oost-Vlaanderen 
3690,ZUTENDAAL,Limburg
8550,ZWEVEGEM,West-Vlaanderen
8750,Zwevezele,West-Vlaanderen
9052,Zwijnaarde,Oost-Vlaanderen 
2070,ZWIJNDRECHT,Antwerpen
